cause_of_death,category,confidence
46xx true hermaphrodite,none,0.9999929229606181
abdominal aortic aneurysm ruptured,none,0.9704926806681003
abnormal uterine and vaginal bleeding unspecified,none,0.9999950534333083
abnormal weight loss,none,0.9999897933314713
abscess of bartholin gland,none,0.9999965582800566
abscess of lung with pneumonia,pulmonary disease,0.7309095801059249
abscess of mediastinum,none,0.9668874319370381
abscess of prostate,none,0.984081383909177
abscess of salivary gland,none,0.9999819563613701
accident on board watercraft without accident to watercraft not causing drowning and submersion merchant ship,none,0.9999551970980989
accident on board watercraft without accident to watercraft not causing drowning and submersion other powered watercraft,none,0.9999815402753658
accident on board watercraft without accident to watercraft not causing drowning and submersion unspecified watercraft,none,0.9999777850632067
accident to commercial fixed-wing aircraft injuring occupant,none,0.9999977654935844
accident to watercraft causing drowning and submersion canoe or kayak,none,0.9999976910847518
accident to watercraft causing drowning and submersion other unpowered watercraft,none,0.9999957990126084
accident to watercraft causing other injury other powered watercraft,none,0.9999949645908134
achondroplasia,none,0.9999998063873693
acne vulgaris,none,0.999999493571153
acquired coagulation factor deficiency,none,0.9999992999586204
acquired deformity of chest and rib,none,0.9999976462901958
acquired deformity of limb unspecified,none,0.9999969310701058
acquired deformity of musculoskeletal system unspecified,none,0.9999978846969587
acquired hydrocephalus of newborn 2016 onwards,none,0.9999876780501339
actinomycetoma,none,0.9999996871837232
acute amoebic dysentery,none,0.9999993743675443
acute and subacute haemorrhagic leukoencephalitis [hurst],none,0.9999419654271685
acute appendicitis other and unspecified,none,0.9999961262615781
acute appendicitis with generalized peritonitis - 2008 classification,none,0.9999549875681576
acute bronchiolitis due to other specified organisms,pulmonary disease,0.43775707760944443
acute bronchitis due to other specified organisms,pulmonary disease,0.9993408844655288
acute bronchitis due to respiratory syncytial virus,pulmonary disease,0.9959262168031491
acute cystitis,none,0.9999971990909703
acute disseminated encephalitis,none,0.9999950534332799
acute endocarditis unspecified,none,0.9986470351024286
acute gastroenteropathy due to norwalk agent,none,0.9999973927030394
acute hepatitis b without delta-agent with hepatic coma,none,0.9999962158505843
acute hepatitis e,none,0.9999994191622202
acute inflammation of orbit,none,0.9999979143112662
acute laryngitis,pulmonary disease,0.6790176875591223
acute laryngotracheitis,pulmonary disease,0.9889951054264589
acute meningococcaemia,none,0.9999974374977262
acute monoblastic/monocytic leukaemia,none,0.9819575749892334
acute myelomonocytic leukaemia,none,0.9889614811799785
acute nephritic syndrome focal and segmental glomerular lesions,none,0.9999943685755966
acute renal failure unspecified,none,0.9999502340812704
acute renal failure with tubular necrosis,none,0.9999934293862228
acute salpingitis and oophoritis,none,0.9999975567010898
acute sinusitis unspecified,pulmonary disease,0.8354117468657467
acute thyroiditis,none,0.9999978247221077
acute tonsillitis due to other specified organisms,pulmonary disease,0.5621207059032539
acute tracheitis,pulmonary disease,0.9989626652100091
acute transmural myocardial infarction of other sites,ischaemic heart disease,0.9521993501582731
acute vascular disorders of intestine,none,0.9999687099002116
adjustment disorders,none,0.9999974671118498
adrenogenital disorder unspecified,none,0.9999994191622202
adult hypertrophic pyloric stenosis,none,0.9999985399427375
alcoholic cardiomyopathy,none,0.976988579235125
alcoholic hepatitis,none,0.9999764579263017
aluminosis of lung,pulmonary disease,0.5620684236656417
alzheimer disease unspecified,none,0.9999666090978362
amniotic fluid embolism,none,0.9999985103284967
anaemia due to enzyme disorder unspecified,none,0.9999987487355225
anaemia unspecified,none,0.9999987783497418
anal prolapse,none,1.0
anaplastic large cell lymphoma alk-negative,none,0.9999884676720593
anaplastic large cell lymphoma alk-positive,none,0.9999988679390426
anencephaly,none,0.9999993295729128
aneurysm and dissection of carotid artery,none,0.9978323550329231
aneurysm and dissection of iliac artery,none,0.9999942493728119
aneurysm and dissection of unspecified site,none,0.9999884084438059
aneurysm of heart,none,0.8518710969727012
angioimmunoblastic t-cell lymphoma,none,0.9999897788977956
annular pancreas,none,0.9999993743675585
anoxic brain damage not elsewhere classified,none,0.9999569091774829
anthrax sepsis,none,0.9999984655338898
antibody deficiency with near-normal immunoglobulins or with hyperimmunoglobulinaemia,none,0.9999613506385547
anticoagulant antagonists vitamin k and other coagulants,none,0.9999905092930306
aortic aneurysm of unspecified site without mention of rupture,none,0.9990792162456938
aplastic anaemia unspecified,none,0.9997641572943823
appendicular concretions,none,0.9999975567010756
arnold-chiari syndrome,none,0.9999991807550489
arthritis unspecified,none,0.999999493571153
asphyxia,none,0.9996179909140684
ataxic gait,none,0.9999993743675585
atherosclerosis of other arteries,ischaemic heart disease,0.40722196895482404
atherosclerotic heart disease,ischaemic heart disease,0.9999823731939168
atresia and stenosis of ureter,none,0.9999976014955991
atresia of bile ducts,none,0.999998346330432
atresia of foramina of magendie and luschka,none,0.9999908820808674
atresia of oesophagus with tracheo-oesophageal fistula,none,0.9999712586427898
atresia of oesophagus without fistula,none,0.999994130169743
atresia of pulmonary artery,none,0.9769921409683593
atrioventricular block first degree,none,0.9968169737460776
atrioventricular septal defect,none,0.9999948750019192
autoimmune hepatitis,none,0.999999225549702
autoimmune polyglandular failure,none,0.9999976462901958
autonomic dysreflexia,none,0.9999979591057774
b-cell lymphoma unspecified,none,0.9999733290949763
background retinopathy and retinal vascular changes,none,0.9999722714713891
bacterial intestinal infection unspecified,none,0.9999931917267288
bacterial meningoencephalitis and meningomyelitis not elsewhere classified,none,0.9999948005933728
bacterial pneumonia unspecified,none,0.7309907912687628
benign intracranial hypertension,none,0.9999996871837232
benign lipomatous neoplasm of intrathoracic organs,none,0.9999973334746695
benign neoplasm adrenal gland,none,0.999998703940905
benign neoplasm appendix,none,0.9999944870322872
benign neoplasm bone and articular cartilage unspecified,none,0.9999987039408907
benign neoplasm caecum,none,0.9999992551639781
benign neoplasm connective and other soft tissue of pelvis,none,0.9999959478299834
benign neoplasm extrahepatic bile ducts,none,0.9999952174309609
benign neoplasm lacrimal gland and duct,none,0.9999994191622202
benign neoplasm lower jaw bone,none,0.9999969158899328
benign neoplasm lymph nodes,none,0.9999991807550489
benign neoplasm nasopharynx,none,0.999838533431123
benign neoplasm parotid gland,none,0.9999988679390284
benign neoplasm penis,none,1.0
benign neoplasm pituitary gland,none,0.9999992103693378
benign neoplasm spinal cord,none,0.9999993295729128
benign paroxysmal vertigo,none,0.9999991807550489
bilateral inguinal hernia with gangrene,none,0.9999977503132992
biliary cirrhosis unspecified,none,0.9999968414810071
biliary cyst,none,0.9999996871837232
bipolar affective disorder unspecified,none,0.9999998063873693
birth asphyxia unspecified,none,1.0
birth injury unspecified,none,1.0
bronchopulmonary dysplasia originating in the perinatal period,none,0.9990832207848217
brucellosis unspecified,none,1.0
bullous pemphigoid,none,0.9999998063873693
bursopathy unspecified,none,0.9999991359603977
bus occupant [any] injured in other specified transport accidents,none,0.9999926253268901
bus occupant injured in collision with fixed or stationary object driver injured in traffic accident,none,0.9999871868074812
bus occupant injured in collision with fixed or stationary object passenger injured in traffic accident,none,0.9999907924923531
bus occupant injured in noncollision transport accident person injured while boarding or alighting,none,0.9999912396886852
bus occupant injured in noncollision transport accident person on outside of vehicle injured in nontraffic accident,none,0.9999957990126652
bus occupant injured in noncollision transport accident unspecified bus occupant injured in nontraffic accident,none,0.9999844451623979
byssinosis,none,0.7309164307958292
calcium-channel blockers,none,0.9999757875153673
calculus of bile duct without cholangitis or cholecystitis,none,0.9999987935301279
candidal meningitis,none,0.9999996871837232
candidal stomatitis,none,0.9999989871425767
candidiasis of vulva and vagina,none,0.9999987039408907
candidiasis unspecified,none,0.9999996871837232
car occupant [any] injured in other specified transport accidents,none,0.9999864564146163
car occupant injured in collision with car pick-up truck or van driver injured in nontraffic accident,none,0.999992506124029
car occupant injured in collision with car pick-up truck or van person on outside of vehicle injured in nontraffic accident,none,0.9999934901071594
car occupant injured in collision with car pick-up truck or van unspecified car occupant injured in nontraffic accident,none,0.9999831939173126
car occupant injured in collision with car pick-up truck or van unspecified car occupant injured in traffic accident,none,0.9999862483712388
car occupant injured in collision with heavy transport vehicle or bus person injured while boarding or alighting,none,0.9999906884702435
car occupant injured in collision with heavy transport vehicle or bus unspecified car occupant injured in traffic accident,none,0.9999845051364464
car occupant injured in collision with pedestrian or animal person injured while boarding or alighting,none,0.9999936981524128
car occupant injured in collision with railway train or railway vehicle driver injured in nontraffic accident,none,0.9999943685756677
car occupant injured in collision with railway train or railway vehicle passenger injured in traffic accident,none,0.9999948453877586
car occupant injured in noncollision transport accident passenger injured in nontraffic accident,none,0.9999812563319964
car occupant injured in noncollision transport accident passenger injured in traffic accident,none,0.9999913140969383
car occupant injured in noncollision transport accident person on outside of vehicle injured in traffic accident,none,0.9999751034171857
carbonic-anhydrase inhibitors,none,0.9999958582409443
carcinoma in situ bronchus and lung,lung cancer,0.6785333027562052
carcinoma in situ colon,colorectal cancer,0.9902484961308246
carcinoma in situ other and unspecified parts of intestine,colorectal cancer,0.5620937688687903
carcinoma in situ other and unspecified urinary organs,none,0.8170965550825322
carcinoma in situ prostate,prostate cancer,0.924118169120499
carcinoma in situ skin of scalp and neck,none,0.9999379719715852
carcinoma in situ stomach,stomach cancer,0.9986567788441665
cardiac arrhythmia unspecified,none,0.9464380081618531
cardiac catheterization,none,0.9999798699633053
cardiomyopathy in the puerperium,none,0.9999984359196371
cardiovascular disease unspecified,none,0.866999843959397
cataract unspecified,none,0.9999983015357898
catatonic schizophrenia,none,0.9999998063873693
cefalosporins and other beta-lactam antibiotics,none,0.999996514231917
cellulitis of external ear,none,0.9999991359603977
cellulitis of other sites,none,0.9999981823323942
cellulitis of trunk,none,0.9999991807550489
cellulitis unspecified,none,0.999999493571153
centrilobular emphysema,pulmonary disease,0.9987804006682345
cerebral aneurysm nonruptured,none,0.9889892579579718
cerebral arteritis not elsewhere classified,none,0.9996128079108301
cerebral infarction due to embolism of precerebral arteries,cerebrovascular disease,0.679004190652461
cervical disc disorder unspecified,none,0.9999973182942772
cervical root disorders not elsewhere classified,none,0.9999933549776986
cervicofacial actinomycosis,none,0.9999983615107547
chagas disease chronic with digestive system involvement,none,0.999992922960476
chronic gastritis unspecified,none,0.9999214782284658
chronic hepatic failure,none,0.9999951278419446
chronic inflammatory disease of uterus,none,0.9999963646679786
chronic kidney disease stage 1,none,0.9977631365357528
chronic kidney disease stage 2,none,0.9999457197578329
chronic kidney disease unspecified,none,0.9999618563031946
chronic lymphocytic leukaemia of b-cell type,none,0.9975107414367466
chronic meningitis,none,0.9999987487355225
chronic myelomonocytic leukaemia,none,0.9858922952785601
chronic obstructive pulmonary disease with acute exacerbation unspecified,pulmonary disease,0.9999764138788628
chronic obstructive pyelonephritis,none,0.9999661474784739
chronic respiratory failure,pulmonary disease,0.867007169678928
chronic ulcer of skin not elsewhere classified,none,0.9996176334397285
chylous effusion,none,0.9999531396245742
coagulation defect unspecified,none,0.9999998063873693
coeliac disease,none,0.9999998063873693
complete uterovaginal prolapse,none,0.9999968118667599
complication of labour and delivery unspecified,none,0.9999843259604124
compression of vein,none,0.9999971990909561
congenital absence atresia and stenosis of anus without fistula,none,0.9999449157375582
congenital absence atresia and stenosis of small intestine part unspecified,none,0.9999854435712802
congenital adrenogenital disorders associated with enzyme deficiency,none,0.9999903156822515
congenital bronchomalacia,none,0.9988241674454993
congenital diaphragmatic hernia,none,0.999995739037982
congenital herpesviral [herpes simplex] infection,none,0.9999872164216139
congenital malformation of lung unspecified,none,0.9993635336746125
congenital malformation of respiratory system unspecified,none,0.9999658346724741
congenital malformation of skull and face bones unspecified,none,0.9999947110044791
congenital malformation of stomach unspecified,none,0.9999877676380422
congenital malformation of tricuspid valve unspecified,none,0.9999907924922821
congenital malformation syndromes predominantly involving limbs,none,0.9999958134465983
congenital mitral insufficiency,none,0.9999979887201011
congenital pneumonia due to other organisms,none,0.9996166469002796
congenital pneumonia due to pseudomonas,none,0.9999962758254383
congenital pulmonary valve insufficiency,none,0.9999974374976978
congenital renal failure,none,0.9999986143516758
congenital subglottic stenosis,none,0.9999974822922302
congenital syphilis unspecified,none,0.9999991807550489
congestive heart failure,ischaemic heart disease,0.2689066303021517
constitutional aplastic anaemia,none,0.9796390881179613
cor triatriatum,none,0.9999965734603948
corpus luteum cyst,none,0.999999612774776
cranial nerve disorder unspecified,none,1.0
crohn disease of large intestine,none,0.999765632178138
crohn disease unspecified,none,0.9999995679801056
cutaneous abscess furuncle and carbuncle of limb,none,0.9999969758646724
cystic disease of liver,none,0.999999225549702
cystic fibrosis with pulmonary manifestations,none,0.8807190886400488
cystitis unspecified,none,0.9999974671119777
decubitus ulcer and pressure area unspecified from 2014 onwards,none,0.9999816587305935
deletion from autosomes unspecified,none,0.9999950086389415
deletion of short arm of chromosome 4,none,0.9999986295320026
deletion of short arm of chromosome 5,none,0.9999998063873693
delirium superimposed on dementia,none,0.9999986295320026
delirium unspecified,none,0.9999998063873693
delusional disorder,none,0.9999987783497845
dermatitis unspecified,none,1.0
developmental disorder of speech and language unspecified,none,0.9999974374977262
diabetes mellitus in pregnancy pre-existing diabetes mellitus insulin-dependent,none,0.9999802283136239
discitis unspecified,none,0.9999987783497845
disease of pulmonary vessels unspecified,pulmonary disease,0.6789349264322677
diseases of mediastinum not elsewhere classified,none,0.98899357719272
diseases of the circulatory system complicating pregnancy childbirth and the puerperium,none,0.9859069964795211
disorder of bone unspecified,none,0.9999973927031247
disorder of brain unspecified,none,0.9996618684738557
disorder of glycoprotein metabolism unspecified,none,0.9999973182943482
disorder of kidney and ureter unspecified,none,0.9924020020684964
disorder of mineral metabolism unspecified,none,0.9999968862756266
disorder of skin and subcutaneous tissue unspecified,none,0.9999969310701342
disorder of teeth and supporting structures unspecified,none,0.9999985847373903
disorder of thyroid unspecified,none,0.9999989423479485
disorder of trigeminal nerve unspecified,none,0.9999678307070894
disorders of calcium metabolism,none,0.9999983911250193
disorders of fatty-acid metabolism,none,0.9999989871425625
disorders of hypoglossal nerve,none,0.9999909557424054
disorders of pyruvate metabolism and gluconeogenesis,none,0.9999970502734375
disorders of vagus nerve,none,0.9999939061977522
diverticular disease of intestine part unspecified without perforation or abscess,none,0.9997600316934098
diverticular disease of small intestine with perforation and abscess,none,0.9999923869213242
double heterozygous sickling disorders,none,0.9999944278040183
double inlet ventricle,none,0.9999964838712144
driver of all-terrain or other off-road motor vehicle injured in traffic accident,none,0.9999777106562586
driver of special agricultural vehicle injured in nontraffic accident,none,0.9999904052707372
driver of special industrial vehicle injured in traffic accident,none,0.9999932213408547
drug-induced dystonia,none,0.9999963350538734
drug-induced interstitial lung disorders unspecified,pulmonary disease,0.7771786065198869
drug-induced polyneuropathy,none,0.9999991063461252
duodenal ulcer acute with perforation,none,0.9999852492154231
duodenal ulcer chronic or unspecified with haemorrhage,none,0.9999791555030779
duodenal ulcer chronic or unspecified with perforation,none,0.9999828355658176
duplications with other complex rearrangements,none,0.9999913733253212
during endoscopic examination,none,0.9999967222778992
during kidney dialysis or other perfusion,none,0.9999890340691168
dysarthria and anarthria,none,0.9999867244333553
dyskinesia of oesophagus,none,0.9989573435456031
dysphasia and aphasia,none,0.995385228170275
dystonia unspecified,none,1.0
echinococcosis other and unspecified,none,0.9999959926245201
echinococcus multilocularis infection unspecified,none,0.999997482292216
eclampsia unspecified as to time period,none,0.999994681390295
ectodermal dysplasia anhidrotic,none,0.9999949342303709
ectopic kidney,none,0.9999996871837232
edwards syndrome unspecified,none,0.9999984359196371
ehlers-danlos syndrome,none,0.999998346330432
embolism and thrombosis of iliac artery,none,0.9661467794178635
encephalopathy unspecified,none,0.9999942934208375
end-stage renal disease - from 2008 classification,none,0.9992233143603705
endocardial fibroelastosis,none,0.9982393144043848
endometriosis unspecified,none,0.9999973182943624
endomyocardial eosinophilic disease,none,0.9998628067414683
enterocolitis due to clostridium difficile,none,0.9999951285883946
enteropathy-type intestinal t-cell lymphoma,none,0.9999444981742415
enteroptosis,none,0.9999655659138439
enterovirus infection unspecified site,none,0.9999695146873849
eosinophilia,none,0.9999982423072951
epidermolysis bullosa dystrophica,none,0.9999905685208825
epidermolysis bullosa unspecified,none,0.999992192563535
epilepsy unspecified,none,0.999994681390295
erythema annulare centrifugum,none,0.999996141441867
essential thrombocytosis - from 2008 classification,none,0.9999578931252735
extranodal marginal zone b-cell lymphoma of mucosa-associated lymphoid tissue [malt-lyphoma],none,0.9945146082260962
extrapyramidal and movement disorder unspecified,none,0.999939998309059
extreme obesity with alveolar hypoventilation,none,0.9046048833833029
extremely low birth weight,none,0.999998107923488
failure to introduce or to remove other tube or instrument,none,0.9999941597839535
fatigue fracture of vertebra,none,0.9999957686520127
febrile convulsions,none,0.9999996871837232
feeding disorder of infancy and childhood,none,0.9999979887200443
female genital tract fistula unspecified,none,0.9999993743675585
fetal alcohol syndrome dysmorphic,none,0.9999994191622202
fetus and newborn affected by breech delivery and extraction,none,0.999998510328511
fetus and newborn affected by multiple pregnancy,none,0.9999988527586979
fetus and newborn affected by placenta praevia,none,0.9999977055186127
fibroblastic disorder unspecified,none,1.0
first degree perineal laceration during delivery,none,0.9999990615514773
fistula of bile duct,none,0.9999998063873693
fistula of gallbladder,none,0.9999992999586204
fistula of joint,none,0.9999998063873693
flaccid tetraplegia,none,0.9999992551639781
folate deficiency anaemia unspecified,none,0.999999612774776
follicular lymphoma grade iiib,none,0.9999943830096227
follicular lymphoma unspecified,none,0.9999952470449761
fragile x chromosome,none,1.0
gangrene and necrosis of lung,none,0.9705327241813161
gas gangrene,none,0.9999991807550489
gastric ulcer acute without haemorrhage or perforation,none,0.99866083004374
giardiasis [lambliasis],none,0.9999987039408907
glossitis,none,0.999992892600195
glossodynia,none,0.9999984207392423
glycogen storage disease,none,1.0
gout due to impairment of renal function,none,0.9999955750403007
grand mal seizures unspecified with or without petit mal,none,0.9999944725985864
guillain-barre syndrome,none,0.9999987783497418
haemangioma any site,none,0.9999995679801056
haematemesis,none,0.9999984951481292
haematometra,none,0.9999993295729128
haemorrhage of anus and rectum,none,0.9999962902593212
haemorrhoids unspecified from 2014 onwards - previously in i84,none,0.9999841475314206
haemothorax,none,0.9999971095019045
hallervorden-spatz disease,none,0.9999969606844561
hallux valgus acquired,none,1.0
hepatic failure unspecified,none,0.9999956046544403
hereditary ataxia unspecified,none,1.0
hereditary lymphoedema,none,0.9999992551639781
hereditary nephropathy not elsewhere classified diffuse crescentic glomerulonephritis,none,0.9999896452615007
hereditary spastic paraplegia,none,0.9999994191622202
hereditary spherocytosis,none,0.9999979439255319
hidradenitis suppurativa,none,0.9999880948847673
hirschsprung disease,none,0.9999989423479343
histiocytic and mast cell tumours of uncertain and unknown behaviour,none,0.999987142013751
histoplasmosis unspecified,none,0.9999993295729128
hiv disease resulting in haematological and immunological abnormalities not elsewhere classified,none,0.9999829995616369
hiv disease resulting in kaposi sarcoma,none,0.9999954110426462
hiv disease resulting in multiple infections,none,0.9999971990909987
hiv disease resulting in other malignant neoplasms of lymphoid haematopoietic and related tissue,none,0.9999898540524571
hiv disease resulting in other types of non-hodgkin lymphoma,none,0.999994338215357
hiv disease resulting in other viral infections,none,0.99999664786913
hourglass stricture and stenosis of stomach,none,0.9999977654935844
hydrocele unspecified,none,0.9999988527586979
hyperglycaemia unspecified,none,0.9999990615514773
hyperimmunoglobulin e [ige] syndrome,none,0.9999908069262565
hyperkalaemia,none,0.9999974223173038
hyperostosis of skull,none,0.9999910749457497
hypersensitivity angiitis,none,0.9999946510298326
hypertensive heart and renal disease unspecified,none,0.8668271307212119
hypertensive heart and renal disease with both congestive heart failure and renal failure,none,0.9322889085541279
hypertensive heart and renal disease with congestive heart failure,none,0.9889939149246096
hypertensive heart disease with congestive heart failure,none,0.9045569853299483
hyperuricaemia without signs of inflammatory arthritis and tophaceous disease,none,0.9999818819531312
hypomania,none,0.9999985399427375
hypoparathyroidism unspecified,none,0.999998107923488
hypospadias unspecified,none,0.9999557171926118
hypostatic pneumonia unspecified,none,0.9148263308422583
hypotension due to drugs,none,0.9999959174695394
hypotension unspecified,none,0.9999993743675585
hypothalamic dysfunction not elsewhere classified,none,0.9999988679390284
idiopathic acute pancreatitis,none,0.9624316530769459
idiopathic hypotension,none,0.9999986591462894
idiopathic orofacial dystonia,none,0.9999985103285252
idiopathic thrombocytopenic purpura,none,0.9999991807550347
immobility syndrome paraplegic,none,0.9999756083407958
immunosuppressive agents,none,0.9999911197394571
incontinentia pigmenti,none,0.9999942486265332
infarction of spleen,none,0.9999985551231199
infective dermatitis,none,0.9999991807550489
infective pericarditis,none,0.9999833268061338
inflammatory disease of prostate unspecified,none,0.9626308395198824
inflammatory myopathy not elsewhere classified,none,0.9999878564801393
inflammatory polyarthropathy,none,0.9998188234090438
influenza with other manifestations virus not identified,none,0.9999977951077889
influenza with pneumonia other influenza virus identified,none,0.9999976014956702
ingrowing nail,none,0.9999978247221788
insulin-dependent diabetes mellitus with coma,none,0.9999978846970013
interstitial cystitis chronic,none,0.9998082647226583
interstitial emphysema originating in the perinatal period,none,0.994764867044518
interstitial pulmonary disease unspecified,pulmonary disease,0.5311579138580949
intervertebral disc disorder unspecified,none,0.9999980783092174
intestinal obstruction due to inspissated milk,none,0.9999979294915823
intracardiac thrombosis not elsewhere classified,none,0.9738554804602989
intracerebral haemorrhage in hemisphere subcortical,cerebrovascular disease,0.6223684018652901
intracerebral haemorrhage multiple localized,cerebrovascular disease,0.9995093578074258
intracranial abscess and granuloma,none,0.999997482292216
intracranial nontraumatic haemorrhage of fetus and newborn unspecified,none,0.9988211431974409
intraductal carcinoma in situ,none,0.9992209494156672
intraspinal abscess and granuloma,none,0.9999943830096654
intraventricular nontraumatic haemorrhage grade 3 of fetus and newborn,none,0.9999834171403919
iron deficiency anaemia secondary to blood loss chronic,none,0.9999962158506269
irradiation cystitis,none,0.9992889386575378
irritable bowel syndrome without diarrhoea,none,0.99999807830926
ischiorectal abscess,none,0.9999669963092713
joint disorder unspecified,none,1.0
juvenile arthritis with systemic onset,none,0.9999960070584133
juvenile dermatomyositis,none,0.999998346330432
karyotype 47xxx,none,0.999957117961661
keratitis unspecified,none,1.0
kernicterus unspecified,none,0.999999493571153
left bundle-branch block unspecified,none,0.8925902038800252
left sided colitis,none,0.9997736429326114
left ventricular failure,ischaemic heart disease,0.8343248694366526
legal execution,none,0.9999992103693378
leukaemia unspecified,none,0.7308635218317291
leukoplakia and other disturbances of oral epithelium including tongue,oral cavity cancer,0.9819564117575976
lichen planus unspecified,none,0.9999822987850643
lipid storage disorder unspecified,none,0.9999993743675585
lipoprotein deficiency,none,0.9999948894357394
liver disease unspecified,none,0.9999977055186127
local antifungal anti-infective and anti-inflammatory drugs not elsewhere classified,none,0.9999726890464741
local infection of skin and subcutaneous tissue unspecified,none,0.9999962606450478
localization-related focalpartial symptomatic epilepsy and epileptic syndromes with simple partial seizures,none,0.999946540451302
localized swelling mass and lump neck,none,0.9999908813346906
locked-in syndrome from 2016,none,0.9988252541592665
lumbar and other intervertebral disc disorders with myelopathy,none,0.9999955158118821
lymphoid leukaemia unspecified,none,0.9874659602120691
macleod syndrome,pulmonary disease,0.7307640109252913
macrocephaly,none,0.9999936078174534
major histocompatibility complex class ii deficiency,none,0.9999988679390284
malignant mast cell tumour,none,0.9999920285667337
malignant neoplasm acoustic nerve,none,0.999992282152132
malignant neoplasm anterior floor of mouth,oral cavity cancer,0.9998147712330934
malignant neoplasm anterior mediastinum,none,0.9996988436032355
malignant neoplasm anterior two-thirds of tongue part unspecified,oral cavity cancer,0.9997894495129207
malignant neoplasm anterior wall of bladder,bladder cancer,0.9998736897862166
malignant neoplasm ascending colon,colorectal cancer,0.9998877316291953
malignant neoplasm bladder neck,bladder cancer,0.9999322801799181
malignant neoplasm bones of skull and face,none,0.9999949197964363
malignant neoplasm border of tongue,oral cavity cancer,0.9999352600728905
malignant neoplasm broad ligament,none,0.9999936229974057
malignant neoplasm cerebellum,none,0.9999993743675585
malignant neoplasm cervical part of oesophagus,esophageal cancer,0.9998081007596297
malignant neoplasm clitoris,none,0.9999939358119418
malignant neoplasm conjunctiva,none,0.9999989871425767
malignant neoplasm connective and soft tissue of abdomen,none,0.9999917757274636
malignant neoplasm connective and soft tissue of trunk unspecified,none,0.9999872908296245
malignant neoplasm connective and soft tissue unspecified,none,0.9999960222387431
malignant neoplasm endocervix,none,0.9999907325180839
malignant neoplasm endocrine pancreas,pancreatic cancer,0.9398661766208118
malignant neoplasm endometrium,none,0.9999970798876351
malignant neoplasm external lower lip,oral cavity cancer,0.991050388849435
malignant neoplasm external upper lip,oral cavity cancer,0.9999269163926159
malignant neoplasm extrahepatic bile duct,none,0.9975174268803361
malignant neoplasm female genital organ unspecified,none,0.9999934893606254
malignant neoplasm frontal lobe,none,0.9999985999177308
malignant neoplasm gum unspecified,oral cavity cancer,0.9997667943300791
malignant neoplasm hepatoblastoma,none,0.9999269467506523
malignant neoplasm ileum,colorectal cancer,0.8807106503832234
malignant neoplasm ill-defined sites within the respiratory system,lung cancer,0.5679698865647005
malignant neoplasm intestinal tract part unspecified,colorectal cancer,0.8518211614679934
malignant neoplasm laryngeal cartilage,larynx cancer,0.9994519686517681
malignant neoplasm larynx unspecified,larynx cancer,0.9999847875879675
malignant neoplasm lesser curvature of stomach unspecified,stomach cancer,0.9999645386577162
malignant neoplasm lingual tonsil,oral cavity cancer,0.8141353393115667
malignant neoplasm male genital organ unspecified,none,0.8807612964157284
malignant neoplasm malignant melanoma of ear and external auricular canal,none,0.9998880011139724
malignant neoplasm malignant melanoma of eyelid including canthus,none,0.9999797370750004
malignant neoplasm malignant melanoma of upper limb including shoulder,none,0.9999892732204853
malignant neoplasm meckel diverticulum,none,0.97392591150329
malignant neoplasm mediastinum part unspecified,none,0.9993560438205357
malignant neoplasm middle third of oesophagus,esophageal cancer,0.9999520675896924
malignant neoplasm nasal cavity,none,0.999802455244184
malignant neoplasm nasopharynx unspecified,none,0.999593348730066
malignant neoplasm of other and ill-defined sites abdomen,none,0.9997843703842391
malignant neoplasm of other and ill-defined sites other ill-defined sites,none,0.9999484028180275
malignant neoplasm overlapping lesion of brain and other parts of central nervous system,none,0.9999701714073658
malignant neoplasm overlapping lesion of female genital organs,none,0.9999750434442836
malignant neoplasm overlapping lesion of larynx,larynx cancer,0.9998742343582273
malignant neoplasm overlapping lesion of pancreas,pancreatic cancer,0.9999139097946392
malignant neoplasm overlapping lesion of skin,none,0.9999756986744561
malignant neoplasm overlapping lesion of tongue,oral cavity cancer,0.9999590403195281
malignant neoplasm pancreatic duct,pancreatic cancer,0.9999690826804475
malignant neoplasm parietal lobe,none,0.9999928189379031
malignant neoplasm pelvic bones sacrum and coccyx,none,0.9999560011281325
malignant neoplasm peripheral nerves and autonomic nervous system unspecified,none,0.9998786595260666
malignant neoplasm peripheral nerves of thorax,none,0.9998599095461258
malignant neoplasm peripheral nerves of upper limb including shoulder,none,0.9999906140616107
malignant neoplasm posterior wall of nasopharynx,none,0.9999564035170214
malignant neoplasm primary site unknown so stated,none,0.9999193334799671
malignant neoplasm skin of ear and external auricular canal,none,0.9999848035142566
malignant neoplasm skin of lip,oral cavity cancer,0.9398412772866579
malignant neoplasm skin of upper limb including shoulder,none,0.9999797811221309
malignant neoplasm soft palate,oral cavity cancer,0.7310286221443791
malignant neoplasm spermatic cord,none,0.9999526180381108
malignant neoplasm sphenoidal sinus,none,0.9997823465339516
malignant neoplasm sublingual gland,none,0.7772936003993398
malignant neoplasm tonsil unspecified,oral cavity cancer,0.8171134912004575
malignant neoplasm upper gum,oral cavity cancer,0.9997956908487453
malignant neoplasm upper lobe bronchus or lung,lung cancer,0.9999897341040772
malignant neoplasm upper respiratory tract part unspecified,none,0.9493696504255947
malignant neoplasm upper third of oesophagus,esophageal cancer,0.999759733372424
malignant neoplasm urachus,none,0.9999403855095645
malignant neoplasm uvula,oral cavity cancer,0.5926549337439045
malignent histiocytosis - from 2008 classification,none,0.9986680826544585
malnutrition-related diabetes mellitus with ketoacidosis,none,0.9999980783092458
mandibulofacial dysostosis,none,0.9999989423479201
mania with psychotic symptoms,none,0.9999998063873693
mantle cell lymphoma,none,0.9999927141690635
mast cell leukaemia,none,0.8518070334176481
maternal care for intrauterine death,none,0.9999981975126859
measles complicated by pneumonia,none,0.9999978399023657
meconium plug syndrome,none,0.9999972287051722
medullary cystic kidney,none,0.9996131465344694
meningitis unspecified,none,0.9999995679801056
meningococcaemia unspecified,none,0.9999637931011832
meningococcal infection unspecified,none,0.999998346330432
menopausal and female climacteric states,none,0.9999994191622202
mental and behavioural disorders due to use of alcohol amnesic syndrome,none,0.9999907180838689
mental and behavioural disorders due to use of alcohol unspecified mental and behavioural disorder,none,0.999984013149195
mental and behavioural disorders due to use of cannabinoids dependence syndrome,none,0.9999261420000116
mental and behavioural disorders due to use of opioids dependence syndrome,none,0.9999912693026963
mental and behavioural disorders due to use of opioids harmful use,none,0.9999967374580835
mental and behavioural disorders due to use of tobacco unspecified mental and behavioural disorder,none,0.9497690313889585
mental and behavioural disorders due to use of volatile solvents dependence syndrome,none,0.9999883340360106
mesothelioma unspecified,none,0.9994049054523344
metaphyseal dysplasia,none,0.9999989423479343
migraine with aura [classical migraine],none,0.9999479397148515
mild cognitive disorder,none,0.9999996871837232
miliary tuberculosis unspecified,none,0.9999981823323942
mitochondrial myopathy not elsewhere classified,none,0.9999972438855631
mitral valve insufficiency,none,0.9889685171449528
mixed small and large cell difuse - 2008 version,none,0.9984316909294227
monoclonal gammopathy of undetermined significance mgus,none,0.999987394851878
mononeuritis multiplex,none,0.9999988975533223
monoplegia of lower limb,none,0.9999987487355083
motorcycle rider injured in collision with car pick-up truck or van passenger injured in traffic accident,none,0.9999751930043227
motorcycle rider injured in collision with heavy transport vehicle or bus passenger injured in nontraffic accident,none,0.9999856675416597
motorcycle rider injured in collision with heavy transport vehicle or bus passenger injured in traffic accident,none,0.999994905362502
motorcycle rider injured in collision with railway train or railway vehicle driver injured in nontraffic accident,none,0.9999959926245201
motorcycle rider injured in collision with two- or three-wheeled motor vehicle driver injured in nontraffic accident,none,0.9999483284136922
motorcycle rider injured in collision with two- or three-wheeled motor vehicle driver injured in traffic accident,none,0.9999765786205626
motorcycle rider injured in noncollision transport accident driver injured in traffic accident,none,0.9999957094237105
mucinosis of skin,none,0.9999977951078599
mucocutaneous lymph node syndrome [kawasaki],none,0.9999941597840245
mucormycosis unspecified,none,0.9999993743675585
multifocal and multisystemic disseminated langerhans-cell histiocytosis [letterer-siwe disease],none,0.9999852803218294
multifocal and unisystemic langerhans-cell histiocytosis,none,0.9999969166362277
multiple congenital malformations not elsewhere classified,none,0.9999886764623008
multiple myeloma,none,0.9975007748411727
muscular dystrophy,none,0.9999992551639781
mycetoma unspecified,none,0.999999448776502
mycobacterial infection unspecified,none,0.9999967670722433
myelodysplastic syndrome with isolated del5q chromosomal abnormality,none,0.9667751181291281
nasal polyp unspecified,none,0.9999906429291283
neonatal aspiration of meconium,none,0.9999978102881599
neonatal aspiration syndrome unspecified,none,0.9999991063461252
neonatal candidiasis,none,0.9999989423479343
neonatal cerebral leukomalacia,none,0.9999992999586204
neonatal conjunctivitis and dacryocystitis,none,0.9999970654537406
neoplasm of uncertain or unknown behaviour adrenal gland,none,0.9999922077438638
neoplasm of uncertain or unknown behaviour aortic body and other paraganglia,none,0.9999933701578319
neoplasm of uncertain or unknown behaviour appendix,none,0.9998284028147463
neoplasm of uncertain or unknown behaviour cerebral meninges,none,0.9999973182943198
neoplasm of uncertain or unknown behaviour connective and other soft tissue,none,0.9999875444144466
neoplasm of uncertain or unknown behaviour cranial nerves,none,0.9999947406185931
neoplasm of uncertain or unknown behaviour digestive organ unspecified,none,0.9998459192218403
neoplasm of uncertain or unknown behaviour endocrine gland unspecified,none,0.9999977206990392
neoplasm of uncertain or unknown behaviour female genital organ unspecified,none,0.999992938140759
neoplasm of uncertain or unknown behaviour larynx,larynx cancer,0.9315886363287698
neoplasm of uncertain or unknown behaviour other male genital organs,none,0.9999459437179512
neoplasm of uncertain or unknown behaviour other respiratory organs,none,0.9991818150237003
neoplasm of uncertain or unknown behaviour ovary,none,0.9999950086387994
neoplasm of uncertain or unknown behaviour parathyroid gland,none,0.9999948750020897
neoplasm of uncertain or unknown behaviour pituitary gland,none,0.9999964094625908
neoplasm of uncertain or unknown behaviour pleura,none,0.9998500907281742
neoplasm of uncertain or unknown behaviour prostate,prostate cancer,0.957897354608028
neoplasm of uncertain or unknown behaviour thymus,none,0.9999926549408997
neoplasm of uncertain or unknown behaviour thyroid gland,none,0.9999952622254791
neoplasm of uncertain or unknown behaviour uterus,none,0.9999938317892636
neurogenic bowel not elsewhere classified,none,0.9999983167161687
neuromuscular scoliosis,none,0.9999974078835039
neuromyelitis optica [devic],none,0.9999942638066516
neuronal ceroid lipofuscinosis,none,0.9999942789868127
neurosyphilis unspecified,none,0.9999983463304178
nocardiosis unspecified,none,0.9999996871837232
nodular lymphocyte predominant hodgkin lymphoma,none,0.9999964990515656
nodular sclerosis classical hodgkin lymphoma,none,0.9999925949662061
noninfective neonatal diarrhoea,none,0.9999975270868499
noninflammatory disorder of vagina unspecified,none,0.9999959326497968
nonrheumatic mitral valve stenosis,none,0.9999311033993876
nonrheumatic tricuspid valve stenosis,none,0.9999937725609057
nonspecific urethritis,none,0.9999983615107689
nontoxic goitre unspecified,none,0.9999913581451898
nquest adjourned,none,0.9999847724073961
nutritional anaemia unspecified,none,1.0
nutritional deficiency unspecified,none,0.9999996871837232
obstruction of bile duct,none,0.9999864260545884
occipital encephalocele,none,0.9999996871837232
occupant [any] of heavy transport vehicle injured in other specified transport accidents,none,0.9999910012833217
occupant of heavy transport vehicle injured in collision with car pick-up truck or van driver injured in traffic accident,none,0.999983179483576
occupant of heavy transport vehicle injured in noncollision transport accident person on outside of vehicle injured in nontraffic accident,none,0.9999906292418729
occupant of pick-up truck or van injured in collision with fixed or stationary object passenger injured in traffic accident,none,0.9999911356661596
occupant of pick-up truck or van injured in collision with fixed or stationary object unspecified occupant of pick-up truck or van injured in traffic accident,none,0.9999742401454156
occupant of pick-up truck or van injured in noncollision transport accident driver injured in traffic accident,none,0.9999885580064407
occupant of pick-up truck or van injured in noncollision transport accident person on outside of vehicle injured in traffic accident,none,0.9999885731867711
occupant of pick-up truck or van injured in noncollision transport accident unspecified occupant of pick-up truck or van injured in nontraffic accident,none,0.9999560322340695
occupant of pick-up truck or van injured in noncollision transport accident unspecified occupant of pick-up truck or van injured in traffic accident,none,0.9999729881668509
occupant of railway train or railway vehicle injured by fall from railway train or railway vehicle,none,0.9999957246039648
occupant of streetcar injured by fall from streetcar,none,0.9999965438460561
occupant of streetcar injured in other specified transport accidents,none,0.9999973927030537
occupant of three-wheeled motor vehicle injured in collision with car pick-up truck or van driver injured in traffic accident,none,0.9999960822135427
occupant of three-wheeled motor vehicle injured in collision with car pick-up truck or van person injured while boarding or alighting,none,0.9999931173183361
occupant of three-wheeled motor vehicle injured in collision with fixed or stationary object driver injured in traffic accident,none,0.9999956798095253
occupant of three-wheeled motor vehicle injured in collision with heavy transport vehicle or bus person on outside of vehicle injured in traffic accident,none,0.9999937581270731
occupant of three-wheeled motor vehicle injured in noncollision transport accident passenger injured in nontraffic accident,none,0.9999956350150736
oedema of larynx,none,0.9886044043393615
oesophageal obstruction,none,0.9980127613447712
oesophageal web,none,0.9999024665420222
orchitis epididymitis and epididymo-orchitis without abscess,none,0.9999939213779222
osteolysis,none,0.9999998063873693
osteomyelitis unspecified,none,1.0
osteomyelofibrosis,none,0.9999964094625766
osteonecrosis unspecified,none,0.9999986143516758
other acute osteomyelitis,none,0.9999998063873693
other acute rheumatic heart disease,none,0.9953666905956484
other alzheimer disease,none,0.9999919093636596
other amnesia,none,1.0
other amyloidosis,none,0.9999998063873693
other and unspecified adrenocortical insufficiency,none,0.9999900317367315
other and unspecified agents primarily acting on muscles,none,0.9999989871425625
other and unspecified cirrhosis of liver,none,0.99995886114989
other and unspecified convulsions,none,0.9999967966866455
other and unspecified gastroenteritis and colitis of infectious origin,none,0.9999988231444054
other and unspecified hydronephrosis,none,0.9999978399024367
other and unspecified intestinal obstruction,none,0.9999998063873693
other and unspecified water transport accidents unspecified watercraft,none,0.9999984807142285
other antidysrhythmic drugs not elsewhere classified,none,0.999994904616237
other atypical virus infections of central nervous system,none,0.9999990615514915
other autoimmune haemolytic anaemias,none,0.9999947254383253
other benign neoplasm cervix uteri,none,0.9999918501359129
other bursitis not elsewhere classified,none,0.9999992999586204
other cardiovascular disorders originating in the perinatal period,none,0.9998699205412667
other cervical disc disorders,none,0.999999493571153
other childhood disintegrative disorder,none,0.9999993743675585
other complications associated with artificial fertilization,none,0.9999955302457115
other congenital ichthyosis,none,0.9999998063873693
other congenital malformation syndromes with other skeletal changes,none,0.9999645530909564
other congenital malformations of bile ducts,none,0.9999891380919353
other congenital malformations of bony thorax,none,0.9999961710560518
other congenital malformations of diaphragm,none,0.9999979591058484
other congenital malformations of great veins,none,0.9999968862755839
other congenital malformations of hair,none,0.9999960366726651
other congenital malformations of lung,none,0.9974664038043245
other congenital malformations of oesophagus,none,0.9999249348700502
other congenital malformations of ribs,none,0.9999933101830242
other congenital malformations of upper limbs including shoulder girdle,none,0.9999975270867788
other deletions of part of a chromosome,none,0.9999993743675585
other depressive episodes,none,0.9999987783497845
other dermatomyositis,none,0.9999853532370522
other diseases of salivary glands,none,0.9999936526116011
other disorders of globe,none,0.999999225549702
other disorders of intestinal carbohydrate absorption,none,0.9999946214156077
other disorders of lung,none,0.8669867315987453
other emphysema,pulmonary disease,0.9578654816818961
other encephalitis myelitis and encephalomyelitis,none,0.9999987487354799
other forms of acute ischaemic heart disease,ischaemic heart disease,0.9968202408418124
other forms of acute pericarditis,none,0.9999571771879048
other forms of chronic ischaemic heart disease,ischaemic heart disease,0.9999640907260312
other forms of leptospirosis,none,0.9999998063873693
other forms of scoliosis,none,1.0
other fusion of spine,none,1.0
other gonococcal infections,none,0.9999996871837232
other granulomatous disorders of skin and subcutaneous tissue,none,0.9999980783092458
other hereditary and idiopathic neuropathies,none,0.9999962454647285
other hereditary ataxias,none,0.9999993743675585
other histiocytosis syndromes,none,0.999993816609095
other hydrocephalus,none,0.9999984207393133
other hyperparathyroidism,none,0.999999225549702
other hypoglycaemia,none,0.9999993743675443
other immediate postpartum haemorrhage,none,0.9999980783092742
other infective tenosynovitis,none,0.9999992551639639
other interstitial pulmonary diseases with fibrosis,pulmonary disease,0.9859056964912106
other intestinal escherichia coli infections,none,0.9999986743266168
other intestinal malabsorption,none,0.999999493571153
other iron deficiency anaemias,none,0.9999998063873693
other juvenile arthritis,none,0.9999995679801056
other lipid storage disorders,none,0.9999977503132139
other mature t/nk-cell lymphomas,none,0.9996528273011596
other megaloblastic anaemias not elsewhere classified,none,0.9999988679390142
other meningococcal infections,none,0.9999984655338472
other mitral valve diseases,none,0.9999665946648931
other mycobacterial infections,none,0.999993265388764
other myositis,none,0.9999928333719637
other neuromuscular dysfunction of bladder,none,0.99999807830926
other non-follicular lymphoma,none,0.9999817475718353
other nonrheumatic tricuspid valve disorders,none,0.9999784099353201
other obesity,none,0.9999900469167432
other orthopoxvirus infections,none,0.9999991807550489
other osteoporosis,none,0.9999992103693378
other pervasive developmental disorders,none,0.999996364668007
other placental disorders,none,0.999996275078959
other pneumonia organism unspecified,none,0.88074381399777
other pulmonary aspergillosis,none,0.9932967843375485
other rupture of muscle nontraumatic,none,0.9999983911250193
other secondary parkinsonism,none,0.9999987039408907
other secondary scoliosis,none,0.9999982719215136
other secondary syphilis,none,0.9999983015358325
other seropositive rheumatoid arthritis,none,0.9999989423479485
other severe and complicated plasmodium falciparum malaria,none,0.9999951733828235
other shock,none,1.0
other somatoform disorders,none,0.9999996871837232
other specified abdominal hernia with gangrene,none,0.9999993743675585
other specified abdominal hernia with obstruction without gangrene,none,0.9999963798483138
other specified coagulation defects,none,1.0
other specified conditions associated with female genital organs and menstrual cycle,none,0.9999969462504639
other specified conduction disorders,none,0.9999567003936893
other specified congenital infectious and parasitic diseases,none,0.9999875884622762
other specified congenital malformations of face and neck,none,0.9999979143112662
other specified congenital malformations of intestine,none,0.9999888100988074
other specified congenital malformations of kidney,none,0.9999958134465983
other specified congenital malformations of limbs,none,0.9999960070584559
other specified congenital malformations of spinal cord,none,0.9999909709232128
other specified degenerative diseases of basal ganglia,none,0.9999981678984554
other specified diabetes mellitus with peripheral circulatory complications,none,0.99979320326982
other specified diabetes mellitus with renal complications,none,0.99999545583723
other specified diabetes mellitus with unspecified complications,none,0.9999860092204801
other specified diseases of liver,none,0.9999882588814918
other specified diseases of oesophagus,none,0.9982910010517709
other specified diseases of pancreas,none,0.9995079576689926
other specified diseases of pericardium,none,0.9999989871425767
other specified diseases of pulmonary vessels,none,0.993979424335872
other specified diseases of spinal cord,none,0.999988229267044
other specified diseases of upper respiratory tract,none,0.9999890485034495
other specified disorders of central nervous system,none,0.999999091165777
other specified disorders of kidney and ureter,none,0.9999938614032379
other specified disorders of muscle,none,0.9999981975127143
other specified disorders of peritoneum,none,0.9999986743266026
other specified disorders of prostate,none,0.9947606795565638
other specified disorders of thyroid,none,0.9999863220325635
other specified disorders of veins,none,0.9999990615514631
other specified disorders of white blood cells,none,0.9998554837057438
other specified disturbances of cerebral status of newborn,none,0.9999981975127143
other specified epidermal thickening,none,0.999998510328511
other specified heart block,none,0.9999880652707365
other specified inflammation of vagina and vulva,none,0.9999981231038212
other specified inflammatory liver diseases,none,0.9999947854129905
other specified inflammatory spondylopathies,none,0.999998271921542
other specified leukaemias,none,0.9912241159111592
other specified local infections of skin and subcutaneous tissue,none,0.999980257928119
other specified mycoses,none,0.9999991807550489
other specified neoplasms of uncertain or unknown behaviour of lymphoid haematopoietic and related tissue,none,0.99993353285203
other specified noninfective gastroenteritis and colitis,none,0.9999975718813863
other specified nutritional deficiencies,none,0.9999985847373477
other specified osteochondrodysplasias,none,0.9999957686520127
other specified peripheral vascular diseases,none,0.9999655810953457
other specified pregnancy-related conditions,none,0.9999973182943056
other specified puerperal infections,none,0.9999983911250193
other specified spondylopathies,none,0.9999969310701484
other specified symptoms and signs involving the digestive system and abdomen,none,0.9999761306838822
other specified types of non-hodgkin lymphoma,none,0.9999920885412797
other specified viral diseases,none,0.9999990167568458
other specified zoonotic bacterial diseases not elsewhere classified,none,0.9999911053060039
other spontaneous pneumothorax,none,0.9875418287437765
other streptococcal sepsis,none,0.9999991359603977
other systemic antibiotics,none,0.9999729267005268
other thrombophilia,none,0.9999966326887907
other tricuspid valve diseases,none,0.9999980039004184
other vascular disorders of intestine,none,0.9999985399427801
other vincent infections,none,0.9999990615514915
other viral infections of unspecified site,none,0.9999963646681349
otorhinolaryngological drugs and preparations,none,0.9999960222386294
paget disease of other bones,none,0.9999993743675585
pain in limb,none,0.9999996871837232
palmar fascial fibromatosis [dupuytren],none,0.9999892572937555
paraplegia unspecified,none,0.9999998063873693
parenteral anaesthetics,none,0.999998703940905
passenger of special construction vehicle injured in nontraffic accident,none,0.9999952774055987
patau syndrome unspecified,none,0.9999991807550489
patent ductus arteriosus,none,0.9999967966865887
pathological fracture not elsewhere classified,none,0.9999993743675585
pedal cyclist [any] injured in other specified transport accidents,none,0.9999919101102919
pedal cyclist [any] injured in unspecified traffic accident,none,0.9999963350537455
pedal cyclist injured in collision with car pick-up truck or van passenger injured in traffic accident,none,0.9999911060521666
pedal cyclist injured in collision with fixed or stationary object driver injured in nontraffic accident,none,0.9999944581645591
pedal cyclist injured in collision with other pedal cycle driver injured in traffic accident,none,0.9999892284264911
pedal cyclist injured in collision with pedestrian or animal driver injured in traffic accident,none,0.9999918508821187
pedal cyclist injured in collision with two- or three-wheeled motor vehicle passenger injured in traffic accident,none,0.9999797074612881
pedal cyclist injured in noncollision transport accident passenger injured in nontraffic accident,none,0.99999173167935
pedestrian injured in collision with car pick-up truck or van nontraffic accident,none,0.9999715122230916
pedestrian injured in collision with car pick-up truck or van unspecified whether traffic or nontraffic accident,none,0.9999635265825086
pedestrian injured in collision with heavy transport vehicle or bus traffic accident,none,0.9999816890906899
pedestrian injured in collision with railway train or railway vehicle traffic accident,none,0.9999963502341229
pedestrian injured in collision with two- or three-wheeled motor vehicle traffic accident,none,0.9999821059225994
pedestrian injured in traffic accident involving other and unspecified motor vehicles,none,0.9999941749641841
pemphigus vulgaris,none,0.9999991807550489
peptic ulcer site unspecified chronic without haemorrhage or perforation,none,0.9997492866251279
peptic ulcer site unspecified unspecified as acute or chronic without haemorrhage or perforation,none,0.999994174964113
peritonitis unspecified,none,0.9999996871837232
persistant atrial fibrillation from 2014 onwards,none,0.9792791153880597
person injured in collision between car and bus traffic,none,0.9999953814284414
person injured in collision between car and heavy transport vehicle traffic,none,0.9999956054008194
person injured in collision between other specified motor vehicles traffic,none,0.9999896900558404
person injured in unspecified vehicle accident,none,0.9999985551231199
person injured while boarding or alighting from special industrial vehicle,none,0.9999982719215136
person on outside of special agricultural vehicle injured in nontraffic accident,none,0.9999927445294386
personality disorder unspecified,none,0.9999987783497418
phakomatosis unspecified,none,0.9999991063461252
pharyngeal pouch,none,0.9999321905930589
phlebitis and thrombophlebitis of femoral vein,none,0.9998519529096528
phlebitis and thrombophlebitis of lower extremities unspecified,none,0.9999950238193129
phlebitis and thrombophlebitis of unspecified site,none,0.9999985103284967
plasmodium falciparum malaria unspecified,none,0.9999998063873693
pneumonia due to escherichia coli,none,0.9999628243283366
pneumonia due to other streptococci,none,0.9999971246821798
polyarteritis nodosa,none,0.9999996871837232
polyarthrosis unspecified,none,0.9999953662481782
polymyalgia rheumatica,none,0.9999982271269742
portal hypertension,none,0.9999971095019045
portal vein-hepatic artery fistula,none,0.9999946958243113
postprocedural renal failure,none,0.9999858300447024
pre-eclampsia unspecified,none,0.9999747443230647
pre-existing hypertensive heart and renal disease complicating pregnancy childbirth and the puerperium,none,0.9994905932740884
predominantly obsessional thoughts or ruminations,none,0.9999917605471841
premature separation of placenta unspecified,none,1.0
prepatellar bursitis,none,0.9999944126237127
primary atelectasis of newborn,none,0.9999015281850296
primary cutaneous cd30-positive t-cell proliferations,none,0.9999718242833264
psoriasis unspecified,none,0.9999996871837232
psychostimulants with abuse potential,none,0.9999790211216653
pulmonary actinomycosis,none,0.9940803887791005
pulmonary embolism without mention of acute cor pulmonale,none,0.9240918957121936
pulmonary heart disease unspecified,pulmonary disease,0.4071805867575496
pulmonary nocardiosis,none,0.9997027609751388
pulmonary toxoplasmosis,none,0.9999944870324577
pulmonary valve insufficiency,none,0.9323984951670474
pure hyperglyceridaemia,none,0.999922103815157
purulent endophthalmitis,none,0.9999991807550489
pustulosis palmaris et plantaris,none,0.9999985847373761
pyridoxine deficiency,none,1.0
qualitative platelet defects,none,0.9999982567411922
rabies unspecified,none,1.0
rapidly progressive nephritic syndrome unspecified,none,0.9999987783497418
re-entry ventricular arrhythmia,none,0.9982721207703665
rectal abscess,none,0.9999897933314713
rectal fistula,none,0.9999991807550347
rectal polyp,none,0.9996167956312423
recurrent depressive disorder current episode severe without psychotic symptoms,none,0.9999951878168044
refractory anaemia with excess of blasts,none,0.9148046767656568
renal agenesis unilateral,none,0.999999493571153
renal hypoplasia unspecified,none,0.9999995679801056
renal osteodystrophy,none,0.999999612774776
renal tubulo-interstitial disease unspecified,none,0.999979109962218
respiratory arrest,none,0.8518727093017048
respiratory failure of newborn,none,0.9998247715350301
respiratory tuberculosis unspecified without mention of bacteriological or histological confirmation,none,0.880694667445704
retropharyngeal and parapharyngeal abscess,none,0.9999959926245059
rheumatic aortic valve disease unspecified,none,0.9999448701979733
rheumatoid lung disease,pulmonary disease,0.3774473926831976
rheumatoid nodule,none,0.9999975119064262
rheumatoid vasculitis,none,0.9999933845915735
rhinocerebral mucormycosis,none,0.9999935189747601
rider or occupant injured in collision with fixed or stationary object,none,0.9999962158506127
rider or occupant injured in other and unspecified transport accidents,none,0.9999987487355225
rotaviral enteritis,none,0.9999991063461252
salicylates,none,0.999996901455927
salmonella sepsis,none,0.9999963646680212
sarcoidosis of other and combined sites,none,0.9626343142266811
schistosomiasis due to schistosoma haematobium [urinary schistosomiasis],none,0.9999499668214986
secondary and unspecified malignant neoplasm lymph node unspecified,none,0.9999563283626572
secondary and unspecified malignant neoplasm lymph nodes of head face and neck,none,0.9996002335792554
secondary malignant neoplasm of bone and bone marrow,none,0.9999739995062094
secondary malignant neoplasm of brain and cerebral meninges,none,0.9999982423072951
secondary malignant neoplasm of other and unspecified digestive organs,none,0.9997886448664463
secondary malignant neoplasm of other specified sites,none,0.9999973182944335
secondary thrombocytopenia,none,0.9999970798877346
sepsis due to staphylococcus aureus,none,0.9999992999586204
sepsis due to streptococcus group a,none,0.9999979887201011
sepsis due to unspecified staphylococcus,none,0.9999986743266168
sepsis of newborn due to escherichia coli,none,0.999999612774776
sepsis unspecified,none,0.9999996871837232
sequelae of intracerebral haemorrhage,none,0.8669216748444748
sequelae of other and unspecified cerebrovascular diseases,cerebrovascular disease,0.5311492789955936
sequelae of other and unspecified transport accidents,none,0.9999142225826199
sequelae of other specified infectious and parasitic diseases,none,0.9999882148335048
sequelae of respiratory and unspecified tuberculosis,none,0.9889962146911946
sequestration of lung,none,0.9769435972704021
seronegative rheumatoid arthritis,none,0.9999964390767978
severe combined immunodeficiency [scid] with low t- and b-cell numbers,none,0.9999495203877377
severe depressive episode without psychotic symptoms,none,0.9999919693386816
shock unspecified,none,0.9999988679390284
sicca syndrome [sjgren],none,0.9999540195493232
sinus fistula and cyst of branchial cleft,none,0.9999971246821798
slow fetal growth unspecified,none,0.9999905981347885
small cell b-cell lymphoma,none,0.9999607235382407
small for gestational age,none,0.9999985399427375
soft tissue disorder unspecified,none,0.9999995679801056
solitary plasmacytoma,none,0.9999942038320746
spastic paraplegia,none,1.0
specific isolated phobias,none,1.0
spina bifida unspecified,none,0.9999996871837232
spinal muscular atrophy unspecified,none,0.9999994191622202
spinal stenosis,none,0.999997586315217
spontaneous abortion complete or unspecified with other and unspecified complications,none,0.9999913140969383
spontaneous rupture of unspecified tendon,none,0.9999991807550489
stage i decubitus ulcer and pressure area from 2014 onwards,none,0.9999904796788429
stenosis of aorta,none,0.9769855874108049
stenosis of larynx,none,0.9041741420866628
streptococcal infection unspecified site,none,0.9999998063873693
striatonigral degeneration,none,0.9999953214536127
subarachnoid haemorrhage from anterior communicating artery,none,0.8175072215316344
subarachnoid haemorrhage from middle cerebral artery,none,0.9984956588423353
subcortical vascular dementia,none,0.9997875419090955
subcutaneous phaeomycotic abscess and cyst,none,0.9999942934207806
subsequent myocardial infarction of unspecified site,ischaemic heart disease,0.9240135744715029
suppurative otitis media unspecified,none,0.9999957238577133
surgical operation with transplant of whole organ,none,0.9999979143112235
surgical procedure unspecified,none,0.9999989719621736
syringomyelia and syringobulbia,none,0.9999990167568458
systemic inflammatory response syndrome unspecified,none,0.9999973479084968
systemic involvement of connective tissue unspecified,none,0.9999970350931633
systemic lupus erythematosus with organ or system involvement,none,0.9999947110044081
thalassaemia unspecified,none,0.9999998063873693
thiamine deficiency unspecified,none,0.999999493571153
thoracic spina bifida without hydrocephalus,none,0.9999991807550347
thyrotoxicosis unspecified,none,0.9999996871837232
toxic liver disease with cholestasis,none,0.9999942486264195
toxic liver disease with other disorders of liver,none,0.9999942789867559
toxic shock syndrome,none,0.9999993743675585
transient cerebral ischaemic attack unspecified,cerebrovascular disease,0.7055225616137533
trichilemmal cyst,none,0.9999998063873693
trigeminal neuralgia,none,0.9999996871837232
triploidy and polyploidy,none,0.999994815027135
tubal pregnancy,none,0.999999493571153
tuberculosis complicating pregnancy childbirth and the puerperium,none,0.9999929973690248
tuberculosis of intestines peritoneum and mesenteric glands,none,0.9998357922036594
tuberculosis of larynx trachea and bronchus without mention of bacteriological or histological confirmation,none,0.9323227098146407
tuberculosis of other specified organs,none,0.9999978102881599
tuberous sclerosis,none,0.999999493571153
typhoid fever,none,0.9999996871837232
ulcer of anus and rectum,none,0.9999825819831559
ulceration of vulva,none,0.9999995679801056
ulcerative chronic pancolitis,none,0.9998175868087931
ultralight microlight or powered-glider accident injuring occupant,none,0.9999931021379936
umbilical hernia without obstruction or gangrene,none,0.99999901675686
unilateral or unspecified femoral hernia with gangrene,none,0.9999970798876635
unilateral or unspecified femoral hernia with obstruction without gangrene,none,0.999977993105747
unilateral or unspecified femoral hernia without obstruction or gangrene,none,0.9999919101101924
unilateral or unspecified inguinal hernia without obstruction or gangrene,none,0.9999498172634846
unspecified abdominal hernia with gangrene,none,0.999998510328511
unspecified brain damage due to birth injury,none,0.9999993743675585
unspecified car occupant injured in collision with other and unspecified motor vehicles in traffic accident,none,0.9999851755536944
unspecified cleft palate with unilateral cleft lip,none,0.9999970950679953
unspecified diabetes mellitus with ketoacidosis,none,0.999963763488341
unspecified diabetes mellitus with unspecified complications,none,0.9999651938804939
unspecified haemorrhoids with other complications until 2013 - then moved to k64,none,0.9999576850866592
unspecified motorcycle rider injured in collision with other and unspecified motor vehicles in traffic accident,none,0.9999814355076794
unspecified nephritic syndrome diffuse endocapillary proliferative glomerulonephritis,none,0.9996925695919473
unspecified nephritic syndrome other,none,0.9999940109667593
unspecified pre-existing hypertension complicating pregnancy childbirth and the puerperium,none,0.999757171493307
unspecified respiratory condition due to chemicals gases fumes and vapours,pulmonary disease,0.37749407850007854
unspecified viral hepatitis without hepatic coma,none,0.9999960966473804
unspecified visual impairment binocular,none,0.9999985551231056
urethral abscess,none,0.999999612774776
urethral disorder unspecified,none,1.0
urinary calculus unspecified,none,0.999929136303854
urinary catheterization,none,0.9999990615514631
urticaria unspecified,none,0.9999994191622202
vaccine or biological substance unspecified,none,0.9999983615107831
vaginal delivery following previous caesarean section,none,0.9999992999586204
varicella meningitis,none,0.9999995679801056
varicose veins of other specified sites,none,0.9999962902594207
vascular disorder of intestine unspecified,none,0.999975742721423
vasculitis limited to skin unspecified,none,0.9999985103284967
ventral hernia with gangrene from 2014 onwards,none,0.9999951134080783
ventral hernia with obstruction without gangrene from 2014 onwards,none,0.9999782315082365
ventral hernia without obstruction or gangrene from 2014 onwards,none,0.9999956798094685
ventral hernia without obstruction or gangrene until 2013,none,0.9999915972964177
ventricular premature depolarization,none,0.9668757502881
viral carditis,none,0.9999978991308366
vitamin b12 deficiency anaemia due to intrinsic factor deficiency,none,0.9999922229243206
vitamin d deficiency unspecified,none,0.9999998063873693
war operations involving other explosions and fragments,none,0.99999807830926
war operations occurring after cessation of hostilities,none,0.9999983615107547
water-transport-related drowning and submersion without accident to watercraft canoe or kayak,none,0.999987276395786
water-transport-related drowning and submersion without accident to watercraft sailboat,none,0.999993817355416
waterhouse-friderichsen syndrome,none,0.9999976759044678
whooping cough due to bordetella pertussis,none,0.9999986295319884
whooping cough unspecified,none,0.9999991063461252
wrist or foot drop acquired,none,0.9999992999586204
yellow nail syndrome,none,0.9984922252989052
zoster encephalitis,none,0.9999992551639781
