cause_of_death,category,confidence
46xx true hermaphrodite,none,0.9999981823323232
abdominal aortic aneurysm ruptured,none,0.999919645525439
abnormal uterine and vaginal bleeding unspecified,none,0.9999852044213108
abnormal weight loss,none,0.99999503825305
abscess of bartholin gland,none,0.9999986591462894
abscess of lung with pneumonia,none,0.5621695917462124
abscess of mediastinum,none,0.9999998063873693
abscess of prostate,none,0.9999993295729128
abscess of salivary gland,none,0.9999998063873693
accident on board watercraft without accident to watercraft not causing drowning and submersion merchant ship,none,0.9999984359196229
accident on board watercraft without accident to watercraft not causing drowning and submersion other powered watercraft,none,0.9999903301161907
accident on board watercraft without accident to watercraft not causing drowning and submersion unspecified watercraft,none,0.9999991359603977
accident to commercial fixed-wing aircraft injuring occupant,none,0.9999992551639781
accident to watercraft causing drowning and submersion canoe or kayak,none,0.9999981079234738
accident to watercraft causing drowning and submersion other unpowered watercraft,none,0.9999951726363878
accident to watercraft causing other injury other powered watercraft,none,0.999992862985951
achondroplasia,none,0.9999883780832924
acne vulgaris,none,0.9999978247221077
acquired coagulation factor deficiency,none,0.9999998063873693
acquired deformity of chest and rib,none,0.9999991359604119
acquired deformity of limb unspecified,none,0.9999996871837232
acquired deformity of musculoskeletal system unspecified,none,0.9999987039408907
acquired hydrocephalus of newborn 2016 onwards,none,0.9999595611622502
actinomycetoma,none,0.9999976311098272
acute amoebic dysentery,none,0.9999957238575143
acute and subacute haemorrhagic leukoencephalitis [hurst],none,0.9999620499079803
acute appendicitis other and unspecified,none,0.9999871412670939
acute appendicitis with generalized peritonitis - 2008 classification,none,0.9999941446036946
acute bronchiolitis due to other specified organisms,none,0.777289443065856
acute bronchitis due to other specified organisms,pulmonary disease,0.9820036947950439
acute bronchitis due to respiratory syncytial virus,none,0.9999302242433512
acute cystitis,none,0.9999812555862816
acute disseminated encephalitis,none,0.9999950086389131
acute endocarditis unspecified,none,0.9999971542964932
acute gastroenteropathy due to norwalk agent,none,0.9999930717776503
acute hepatitis b without delta-agent with hepatic coma,none,0.9996439645286035
acute hepatitis e,none,0.9999951574562983
acute inflammation of orbit,none,0.9999747443220983
acute laryngitis,none,0.9626633406768488
acute laryngotracheitis,none,0.9859237170739853
acute meningococcaemia,none,0.999993861403451
acute monoblastic/monocytic leukaemia,acute myeloid leukemia,0.9046458625455092
acute myelomonocytic leukaemia,acute myeloid leukemia,0.9997268858860576
acute nephritic syndrome focal and segmental glomerular lesions,none,0.9999480141190585
acute renal failure unspecified,none,0.9999922821524162
acute renal failure with tubular necrosis,none,0.9999951726364305
acute salpingitis and oophoritis,none,0.999986068448904
acute sinusitis unspecified,none,0.9999893317023159
acute thyroiditis,none,0.9999946510297474
acute tonsillitis due to other specified organisms,none,0.9999575947546546
acute tracheitis,none,0.97067760908009
acute transmural myocardial infarction of other sites,ischaemic heart disease,0.9999900173030383
acute vascular disorders of intestine,none,0.9999838484068105
adjustment disorders,none,0.9999234445642855
adrenogenital disorder unspecified,none,0.9999986295319884
adult hypertrophic pyloric stenosis,none,0.9999830139948452
alcoholic cardiomyopathy,none,0.9999968710952837
alcoholic hepatitis,none,0.9999986591462183
aluminosis of lung,none,0.9994453778668514
alzheimer disease unspecified,none,0.9999916709585486
amniotic fluid embolism,none,0.9999966326887338
anaemia due to enzyme disorder unspecified,none,0.999974759502958
anaemia unspecified,none,0.9999841612181327
anal prolapse,none,0.999999448776502
anaplastic large cell lymphoma alk-negative,none,0.9999973630889037
anaplastic large cell lymphoma alk-positive,none,0.9999992999586204
anencephaly,none,0.9999995679801056
aneurysm and dissection of carotid artery,none,0.9999816579843526
aneurysm and dissection of iliac artery,none,0.9999777691361768
aneurysm and dissection of unspecified site,none,0.9999902853214955
aneurysm of heart,none,0.9999934590000856
angioimmunoblastic t-cell lymphoma,none,0.9999983167161403
annular pancreas,none,0.9999976607241555
anoxic brain damage not elsewhere classified,none,0.9999925053775953
anthrax sepsis,none,0.9999958430608159
antibody deficiency with near-normal immunoglobulins or with hyperimmunoglobulinaemia,none,0.9999138794336878
anticoagulant antagonists vitamin k and other coagulants,none,0.9999909261286594
aortic aneurysm of unspecified site without mention of rupture,none,0.9999919989523022
aplastic anaemia unspecified,none,0.9999929525746081
appendicular concretions,none,0.9997987895219681
arnold-chiari syndrome,none,0.9999995679801056
arthritis unspecified,none,0.9998979372593569
asphyxia,none,0.9999545100305701
ataxic gait,none,0.999996275078959
atherosclerosis of other arteries,none,0.96266272364473
atherosclerotic heart disease,ischaemic heart disease,0.9999709299086965
atresia and stenosis of ureter,none,0.9999988527586979
atresia of bile ducts,none,0.9999991359603977
atresia of foramina of magendie and luschka,none,0.9999399831298923
atresia of oesophagus with tracheo-oesophageal fistula,none,0.9999883932635064
atresia of oesophagus without fistula,none,0.9999952174309609
atresia of pulmonary artery,none,0.9999956790631034
atrioventricular block first degree,none,0.9999925501718215
atrioventricular septal defect,none,0.9999852788294274
autoimmune hepatitis,none,0.9999995679801056
autoimmune polyglandular failure,none,0.9999958582411148
autonomic dysreflexia,none,0.999886226949682
b-cell lymphoma unspecified,none,0.9999996871837232
background retinopathy and retinal vascular changes,none,0.9999959174694826
bacterial intestinal infection unspecified,none,0.9999901213248364
bacterial meningoencephalitis and meningomyelitis not elsewhere classified,none,0.9999829099736158
bacterial pneumonia unspecified,none,0.9999898829204643
benign intracranial hypertension,none,0.9999993743675443
benign lipomatous neoplasm of intrathoracic organs,none,0.999997079887763
benign neoplasm adrenal gland,none,0.9999968414811208
benign neoplasm appendix,none,0.9999967966865319
benign neoplasm bone and articular cartilage unspecified,none,0.9999923117664014
benign neoplasm caecum,none,0.9999247557057271
benign neoplasm connective and other soft tissue of pelvis,none,0.9999749827242255
benign neoplasm extrahepatic bile ducts,none,0.999998510328511
benign neoplasm lacrimal gland and duct,none,0.9999979143112377
benign neoplasm lower jaw bone,none,0.9999991807550347
benign neoplasm lymph nodes,none,0.999999448776502
benign neoplasm nasopharynx,none,0.9999989127336675
benign neoplasm parotid gland,none,0.999999448776502
benign neoplasm penis,none,0.9999983015357756
benign neoplasm pituitary gland,none,0.9999986591462752
benign neoplasm spinal cord,none,0.9999972287053285
benign paroxysmal vertigo,none,0.9999777243432947
bilateral inguinal hernia with gangrene,none,0.9999941446036946
biliary cirrhosis unspecified,none,0.9999965582800993
biliary cyst,none,0.9999920285666343
bipolar affective disorder unspecified,none,0.9999986591462752
birth asphyxia unspecified,none,0.9999978247220509
birth injury unspecified,none,0.9999986591462752
bronchopulmonary dysplasia originating in the perinatal period,none,0.9988283757558181
brucellosis unspecified,none,0.9999991359603977
bullous pemphigoid,none,0.9999918349555327
bursopathy unspecified,none,0.9999978695166292
bus occupant [any] injured in other specified transport accidents,none,0.9999979439255319
bus occupant injured in collision with fixed or stationary object driver injured in traffic accident,none,0.9999494444893792
bus occupant injured in collision with fixed or stationary object passenger injured in traffic accident,none,0.9999933845918435
bus occupant injured in noncollision transport accident person injured while boarding or alighting,none,0.9999520220501796
bus occupant injured in noncollision transport accident person on outside of vehicle injured in nontraffic accident,none,0.9999992999586204
bus occupant injured in noncollision transport accident unspecified bus occupant injured in nontraffic accident,none,0.9999961262616633
byssinosis,none,0.9999995679801056
calcium-channel blockers,none,0.9999907173378344
calculus of bile duct without cholangitis or cholecystitis,none,0.9988289746638676
candidal meningitis,none,0.9999996871837232
candidal stomatitis,none,0.9999969158899186
candidiasis of vulva and vagina,none,0.9999992551639639
candidiasis unspecified,none,0.9999979887200301
car occupant [any] injured in other specified transport accidents,none,0.9999992551639781
car occupant injured in collision with car pick-up truck or van driver injured in nontraffic accident,none,0.9999989871425625
car occupant injured in collision with car pick-up truck or van person on outside of vehicle injured in nontraffic accident,none,0.9999991063461252
car occupant injured in collision with car pick-up truck or van unspecified car occupant injured in nontraffic accident,none,0.9999973927030537
car occupant injured in collision with car pick-up truck or van unspecified car occupant injured in traffic accident,none,0.9999983911250335
car occupant injured in collision with heavy transport vehicle or bus person injured while boarding or alighting,none,0.9999853980311144
car occupant injured in collision with heavy transport vehicle or bus unspecified car occupant injured in traffic accident,none,0.9999960070584417
car occupant injured in collision with pedestrian or animal person injured while boarding or alighting,none,0.9999888996868598
car occupant injured in collision with railway train or railway vehicle driver injured in nontraffic accident,none,0.9999990615514631
car occupant injured in collision with railway train or railway vehicle passenger injured in traffic accident,none,0.9999933997719487
car occupant injured in noncollision transport accident passenger injured in nontraffic accident,none,0.9999996871837232
car occupant injured in noncollision transport accident passenger injured in traffic accident,none,0.9999992551639781
car occupant injured in noncollision transport accident person on outside of vehicle injured in traffic accident,none,0.9999992551639781
carbonic-anhydrase inhibitors,none,0.9999993743675443
carcinoma in situ bronchus and lung,lung cancer,0.8899027358134111
carcinoma in situ colon,colorectal cancer,0.9984982175973883
carcinoma in situ other and unspecified parts of intestine,none,0.9984967597328566
carcinoma in situ other and unspecified urinary organs,none,0.9999908813345343
carcinoma in situ prostate,prostate cancer,0.8519514275456876
carcinoma in situ skin of scalp and neck,none,0.999997705518769
carcinoma in situ stomach,stomach cancer,0.9859357038574503
cardiac arrhythmia unspecified,none,0.999930209064134
cardiac catheterization,none,0.9999958430608585
cardiomyopathy in the puerperium,none,0.9999985847373761
cardiovascular disease unspecified,none,0.9992828787870701
cataract unspecified,none,0.9999894805188988
catatonic schizophrenia,none,0.9999993743675585
cefalosporins and other beta-lactam antibiotics,none,0.9999940254005812
cellulitis of external ear,none,0.999999493571153
cellulitis of other sites,none,0.9999988231444054
cellulitis of trunk,none,0.9999318330086029
cellulitis unspecified,none,0.9999901213249501
centrilobular emphysema,pulmonary disease,0.9999865452569094
cerebral aneurysm nonruptured,none,0.8175665491757119
cerebral arteritis not elsewhere classified,none,0.998070861672036
cerebral infarction due to embolism of precerebral arteries,cerebrovascular disease,0.9977344126532429
cervical disc disorder unspecified,none,0.9999981079234738
cervical root disorders not elsewhere classified,none,0.999961557930043
cervicofacial actinomycosis,none,0.999991983772204
chagas disease chronic with digestive system involvement,none,0.9999917901611112
chronic gastritis unspecified,none,0.9999979439255177
chronic hepatic failure,none,0.9999971542965642
chronic inflammatory disease of uterus,none,0.9999981079235164
chronic kidney disease stage 1,none,0.999999612774776
chronic kidney disease stage 2,none,0.9999993743675443
chronic kidney disease unspecified,none,0.9999964390768546
chronic lymphocytic leukaemia of b-cell type,none,0.9820114094223388
chronic meningitis,none,1.0
chronic myelomonocytic leukaemia,none,0.9859295236713748
chronic obstructive pulmonary disease with acute exacerbation unspecified,pulmonary disease,0.9999621091336067
chronic obstructive pyelonephritis,none,0.9999905237271572
chronic respiratory failure,pulmonary disease,0.8519522272383491
chronic ulcer of skin not elsewhere classified,none,0.9999953366341026
chylous effusion,none,0.9999988975533223
coagulation defect unspecified,none,0.999992892600195
coeliac disease,none,1.0
complete uterovaginal prolapse,none,0.9999968710952837
complication of labour and delivery unspecified,none,0.9999973927031531
compression of vein,none,0.9999992551639639
congenital absence atresia and stenosis of anus without fistula,none,0.9999925053777516
congenital absence atresia and stenosis of small intestine part unspecified,none,0.9999843252143542
congenital adrenogenital disorders associated with enzyme deficiency,none,0.9999941893980369
congenital bronchomalacia,none,0.999999493571153
congenital diaphragmatic hernia,none,0.9999984207392423
congenital herpesviral [herpes simplex] infection,none,0.9996218898455088
congenital malformation of lung unspecified,none,0.9999957686519843
congenital malformation of respiratory system unspecified,none,0.9999981527181072
congenital malformation of skull and face bones unspecified,none,0.9999927589636118
congenital malformation of stomach unspecified,none,0.9999977503132139
congenital malformation of tricuspid valve unspecified,none,0.9999081285574366
congenital malformation syndromes predominantly involving limbs,none,0.9999336809146157
congenital mitral insufficiency,none,0.9999763683397477
congenital pneumonia due to other organisms,none,0.9999925797858573
congenital pneumonia due to pseudomonas,none,0.9999938910173267
congenital pulmonary valve insufficiency,none,0.9999917157527374
congenital renal failure,none,0.9999957238575712
congenital subglottic stenosis,none,0.9999892421140116
congenital syphilis unspecified,none,0.999975101924472
congestive heart failure,ischaemic heart disease,0.9706857720342478
constitutional aplastic anaemia,none,0.9999609323220501
cor triatriatum,none,0.9999972287053285
corpus luteum cyst,none,0.9999918645699167
cranial nerve disorder unspecified,none,0.999977366739827
crohn disease of large intestine,none,0.9999985399427801
crohn disease unspecified,none,0.9999955302457257
cutaneous abscess furuncle and carbuncle of limb,none,0.9988213994109534
cystic disease of liver,none,0.9999998063873693
cystic fibrosis with pulmonary manifestations,none,0.998073226003552
cystitis unspecified,none,0.9999993743675443
decubitus ulcer and pressure area unspecified from 2014 onwards,none,0.999971570704125
deletion from autosomes unspecified,none,0.9999990615514773
deletion of short arm of chromosome 4,none,0.99999822712696
deletion of short arm of chromosome 5,none,0.9999986591462894
delirium superimposed on dementia,none,1.0
delirium unspecified,none,0.9999962302845802
delusional disorder,none,1.0
dermatitis unspecified,none,0.999999448776502
developmental disorder of speech and language unspecified,none,0.9999966774833866
diabetes mellitus in pregnancy pre-existing diabetes mellitus insulin-dependent,none,0.9999978399023799
discitis unspecified,none,0.9999557915995007
disease of pulmonary vessels unspecified,none,0.9975265860318691
diseases of mediastinum not elsewhere classified,none,0.9999985399427801
diseases of the circulatory system complicating pregnancy childbirth and the puerperium,none,0.9999900917109446
disorder of bone unspecified,none,0.9999991807550489
disorder of brain unspecified,none,0.9999992103693378
disorder of glycoprotein metabolism unspecified,none,0.9999963646679786
disorder of kidney and ureter unspecified,none,0.9999992999586204
disorder of mineral metabolism unspecified,none,0.999999448776502
disorder of skin and subcutaneous tissue unspecified,none,0.9999985847373903
disorder of teeth and supporting structures unspecified,none,0.9999988231444054
disorder of thyroid unspecified,none,0.999999493571153
disorder of trigeminal nerve unspecified,none,0.9999988975533223
disorders of calcium metabolism,none,0.999994055015016
disorders of fatty-acid metabolism,none,0.9999986143516758
disorders of hypoglossal nerve,none,0.9999870372454067
disorders of pyruvate metabolism and gluconeogenesis,none,0.9999970798877204
disorders of vagus nerve,none,0.9999995679801056
diverticular disease of intestine part unspecified without perforation or abscess,none,0.9999906877236406
diverticular disease of small intestine with perforation and abscess,none,0.9999948150271919
double heterozygous sickling disorders,none,0.9999931461860824
double inlet ventricle,none,0.999999448776502
driver of all-terrain or other off-road motor vehicle injured in traffic accident,none,0.9999977951078457
driver of special agricultural vehicle injured in nontraffic accident,none,0.9999987487354941
driver of special industrial vehicle injured in traffic accident,none,0.9999938166090098
drug-induced dystonia,none,0.9999992551639781
drug-induced interstitial lung disorders unspecified,none,0.99806943399431
drug-induced polyneuropathy,none,0.9999966030744929
duodenal ulcer acute with perforation,none,0.9999929525747786
duodenal ulcer chronic or unspecified with haemorrhage,none,0.9999895253128617
duodenal ulcer chronic or unspecified with perforation,none,0.999992118155515
duplications with other complex rearrangements,none,0.9999548380113252
during endoscopic examination,none,0.9999987783497845
during kidney dialysis or other perfusion,none,0.9999988679390284
dysarthria and anarthria,none,0.9999221334234831
dyskinesia of oesophagus,none,0.9999936974058787
dysphasia and aphasia,none,0.9999993295729128
dystonia unspecified,none,0.999999493571153
echinococcosis other and unspecified,none,0.9999877820722146
echinococcus multilocularis infection unspecified,none,0.9998159224392521
eclampsia unspecified as to time period,none,0.9999992551639781
ectodermal dysplasia anhidrotic,none,0.9999921181551598
ectopic kidney,none,0.9999989423479485
edwards syndrome unspecified,none,0.9999965582798719
ehlers-danlos syndrome,none,0.9999985399427801
embolism and thrombosis of iliac artery,none,0.9998672759041893
encephalopathy unspecified,none,0.9999918645698457
end-stage renal disease - from 2008 classification,none,0.99999901675686
endocardial fibroelastosis,none,0.9999983911250193
endometriosis unspecified,none,0.9999807787810826
endomyocardial eosinophilic disease,none,0.9999949342303993
enterocolitis due to clostridium difficile,none,0.9999902109136458
enteropathy-type intestinal t-cell lymphoma,none,0.9999863068528926
enteroptosis,none,0.9999968263007644
enterovirus infection unspecified site,none,0.9999880500910391
eosinophilia,none,0.9999998063873693
epidermolysis bullosa dystrophica,none,0.999969782700887
epidermolysis bullosa unspecified,none,0.9999943382153712
epilepsy unspecified,none,0.9999955302458394
erythema annulare centrifugum,none,0.999971973098924
essential thrombocytosis - from 2008 classification,none,0.9999730011076731
extranodal marginal zone b-cell lymphoma of mucosa-associated lymphoid tissue [malt-lyphoma],none,0.9999754898866968
extrapyramidal and movement disorder unspecified,none,0.9999967966866029
extreme obesity with alveolar hypoventilation,none,0.9994710684579229
extremely low birth weight,none,0.9999985399427801
failure to introduce or to remove other tube or instrument,none,0.9999988975533223
fatigue fracture of vertebra,none,0.9999971542964363
febrile convulsions,none,0.9999991359604119
feeding disorder of infancy and childhood,none,0.999995723857628
female genital tract fistula unspecified,none,0.9999961710560802
fetal alcohol syndrome dysmorphic,none,0.9999014386111138
fetus and newborn affected by breech delivery and extraction,none,0.9999826115962286
fetus and newborn affected by multiple pregnancy,none,0.9999990167568458
fetus and newborn affected by placenta praevia,none,0.999996171056137
fibroblastic disorder unspecified,none,0.9999846380252856
first degree perineal laceration during delivery,none,0.9999904789326238
fistula of bile duct,none,1.0
fistula of gallbladder,none,1.0
fistula of joint,none,0.9999996871837232
flaccid tetraplegia,none,0.9999969158898617
folate deficiency anaemia unspecified,none,0.9999985847373761
follicular lymphoma grade iiib,none,0.9999971694767409
follicular lymphoma unspecified,none,0.9999975270867788
fragile x chromosome,none,1.0
gangrene and necrosis of lung,none,0.9525731293554445
gas gangrene,none,0.9999998063873693
gastric ulcer acute without haemorrhage or perforation,none,0.9999921781299527
giardiasis [lambliasis],none,0.9999980039004184
glossitis,none,0.999994367829531
glossodynia,none,0.9999996871837232
glycogen storage disease,none,0.999993056597081
gout due to impairment of renal function,none,0.9999946958241408
grand mal seizures unspecified with or without petit mal,none,0.999974386720563
guillain-barre syndrome,none,0.999999493571153
haemangioma any site,none,0.9999980183344259
haematemesis,none,0.999976055530579
haematometra,none,0.9997342593404669
haemorrhage of anus and rectum,none,0.9999933397973809
haemorrhoids unspecified from 2014 onwards - previously in i84,none,0.9999876180764635
haemothorax,none,0.9999038520641101
hallervorden-spatz disease,none,0.9999889740954787
hallux valgus acquired,none,0.9999700507142903
hepatic failure unspecified,none,0.9999979887200869
hereditary ataxia unspecified,none,0.9999971542963653
hereditary lymphoedema,none,0.9999991807550489
hereditary nephropathy not elsewhere classified diffuse crescentic glomerulonephritis,none,0.9999914181195535
hereditary spastic paraplegia,none,0.9999985103284967
hereditary spherocytosis,none,0.9999983015357898
hidradenitis suppurativa,none,0.9999672795026882
hirschsprung disease,none,0.9999910749453376
histiocytic and mast cell tumours of uncertain and unknown behaviour,none,0.9999957390378967
histoplasmosis unspecified,none,0.9999996871837232
hiv disease resulting in haematological and immunological abnormalities not elsewhere classified,none,0.9999955750403433
hiv disease resulting in kaposi sarcoma,none,0.9999969158898333
hiv disease resulting in multiple infections,none,0.9999996871837232
hiv disease resulting in other malignant neoplasms of lymphoid haematopoietic and related tissue,none,0.9999984359196229
hiv disease resulting in other types of non-hodgkin lymphoma,none,0.9999990615514915
hiv disease resulting in other viral infections,none,0.9999986591462183
hourglass stricture and stenosis of stomach,none,0.99999822712696
hydrocele unspecified,none,0.9999991359604119
hyperglycaemia unspecified,none,0.9999922373581593
hyperimmunoglobulin e [ige] syndrome,none,0.9999926693747021
hyperkalaemia,none,0.9999983463304178
hyperostosis of skull,none,0.9999985399427375
hypersensitivity angiitis,none,0.9995585510742141
hypertensive heart and renal disease unspecified,none,0.9890062528748675
hypertensive heart and renal disease with both congestive heart failure and renal failure,none,0.9999327721422288
hypertensive heart and renal disease with congestive heart failure,none,0.999959978729896
hypertensive heart disease with congestive heart failure,none,0.9999128962773993
hyperuricaemia without signs of inflammatory arthritis and tophaceous disease,none,0.9999806899388469
hypomania,none,0.999994799847051
hypoparathyroidism unspecified,none,0.9999976759043967
hypospadias unspecified,none,0.9999670411027812
hypostatic pneumonia unspecified,none,0.9914163034097739
hypotension due to drugs,none,0.9999990167568458
hypotension unspecified,none,0.9999928629860647
hypothalamic dysfunction not elsewhere classified,none,0.9999903301158354
idiopathic acute pancreatitis,none,0.9999977206990108
idiopathic hypotension,none,0.9999981079235306
idiopathic orofacial dystonia,none,0.9999989423479343
idiopathic thrombocytopenic purpura,none,0.9999962750791296
immobility syndrome paraplegic,none,0.9999916709582786
immunosuppressive agents,none,0.9999980631288848
incontinentia pigmenti,none,0.9999623771456639
infarction of spleen,none,1.0
infective dermatitis,none,0.9997911620454253
infective pericarditis,none,0.9999639267365671
inflammatory disease of prostate unspecified,none,0.9997382664186649
inflammatory myopathy not elsewhere classified,none,0.9999231765628904
inflammatory polyarthropathy,none,0.9999714962962468
influenza with other manifestations virus not identified,none,0.9999845636179981
influenza with pneumonia other influenza virus identified,none,0.9999191239589758
ingrowing nail,none,0.9999798251692066
insulin-dependent diabetes mellitus with coma,none,0.9999891677054153
interstitial cystitis chronic,none,0.9999987039408907
interstitial emphysema originating in the perinatal period,none,0.8807961678011151
interstitial pulmonary disease unspecified,none,0.985936129801473
intervertebral disc disorder unspecified,none,0.999989093297862
intestinal obstruction due to inspissated milk,none,0.99977715902619
intracardiac thrombosis not elsewhere classified,none,0.999997482292216
intracerebral haemorrhage in hemisphere subcortical,cerebrovascular disease,0.999986098809049
intracerebral haemorrhage multiple localized,cerebrovascular disease,0.9993418078846451
intracranial abscess and granuloma,none,0.9999935782032451
intracranial nontraumatic haemorrhage of fetus and newborn unspecified,none,0.9999954861976741
intraductal carcinoma in situ,none,0.9999972438855347
intraspinal abscess and granuloma,none,0.9999932357745374
intraventricular nontraumatic haemorrhage grade 3 of fetus and newborn,none,0.9999881252453716
iron deficiency anaemia secondary to blood loss chronic,none,0.999997124682194
irradiation cystitis,none,0.9999876924840918
irritable bowel syndrome without diarrhoea,none,0.9999966030744645
ischiorectal abscess,none,0.9996414058900882
joint disorder unspecified,none,0.9999978247221077
juvenile arthritis with systemic onset,none,0.9999831331971575
juvenile dermatomyositis,none,0.9999831331968875
karyotype 47xxx,none,0.9999956790630465
keratitis unspecified,none,0.9999946510299037
kernicterus unspecified,none,0.999996632688748
left bundle-branch block unspecified,none,0.9998751048780631
left sided colitis,none,0.9999917901614522
left ventricular failure,none,0.9626692145890385
legal execution,none,0.9999919093639722
leukaemia unspecified,none,0.9959028071730381
leukoplakia and other disturbances of oral epithelium including tongue,none,0.9998568843402653
lichen planus unspecified,none,0.997374098324709
lipid storage disorder unspecified,none,0.9999864260549437
lipoprotein deficiency,none,0.9999772475390831
liver disease unspecified,none,0.9999971839107363
local antifungal anti-infective and anti-inflammatory drugs not elsewhere classified,none,0.9999817627520907
local infection of skin and subcutaneous tissue unspecified,none,0.9999976311099693
localization-related focalpartial symptomatic epilepsy and epileptic syndromes with simple partial seizures,none,0.9999788571263135
localized swelling mass and lump neck,none,0.9999991359603977
locked-in syndrome from 2016,none,0.999996394282241
lumbar and other intervertebral disc disorders with myelopathy,none,0.9999965286658178
lymphoid leukaemia unspecified,none,0.9997632153932711
macleod syndrome,none,0.9999757275417279
macrocephaly,none,0.9999968263007644
major histocompatibility complex class ii deficiency,none,0.9999955006315601
malignant mast cell tumour,none,0.999999448776502
malignant neoplasm acoustic nerve,none,0.9999950086388136
malignant neoplasm anterior floor of mouth,oral cavity cancer,0.993303589815989
malignant neoplasm anterior mediastinum,none,0.9999961262616491
malignant neoplasm anterior two-thirds of tongue part unspecified,oral cavity cancer,0.9997358981306519
malignant neoplasm anterior wall of bladder,bladder cancer,0.9998403060214154
malignant neoplasm ascending colon,colorectal cancer,0.99752677915444
malignant neoplasm bladder neck,bladder cancer,0.9999932205944062
malignant neoplasm bones of skull and face,none,0.9999993295729128
malignant neoplasm border of tongue,oral cavity cancer,0.9999638523292861
malignant neoplasm broad ligament,none,0.9999856660485467
malignant neoplasm cerebellum,none,0.9999873500575417
malignant neoplasm cervical part of oesophagus,esophageal cancer,0.9241363046467502
malignant neoplasm clitoris,none,0.9999948150273056
malignant neoplasm conjunctiva,none,0.9999985551231056
malignant neoplasm connective and soft tissue of abdomen,none,0.9999796315618035
malignant neoplasm connective and soft tissue of trunk unspecified,none,0.9999941446035525
malignant neoplasm connective and soft tissue unspecified,none,0.999992192563734
malignant neoplasm endocervix,none,0.9914220462044755
malignant neoplasm endocrine pancreas,pancreatic cancer,0.9994455865441401
malignant neoplasm endometrium,none,0.9999977503132708
malignant neoplasm external lower lip,none,0.9046497646828265
malignant neoplasm external upper lip,none,0.9999894061101996
malignant neoplasm extrahepatic bile duct,none,0.9999883036755989
malignant neoplasm female genital organ unspecified,none,0.9999934741804336
malignant neoplasm frontal lobe,none,0.9999926245802148
malignant neoplasm gum unspecified,none,0.5621744588672182
malignant neoplasm hepatoblastoma,none,0.9999971990909845
malignant neoplasm ileum,none,0.999784622417203
malignant neoplasm ill-defined sites within the respiratory system,none,0.9999238917311531
malignant neoplasm intestinal tract part unspecified,none,0.9999949790247912
malignant neoplasm laryngeal cartilage,none,0.8806573991702178
malignant neoplasm larynx unspecified,larynx cancer,0.9999909709231843
malignant neoplasm lesser curvature of stomach unspecified,stomach cancer,0.9968265133395582
malignant neoplasm lingual tonsil,none,0.9947737050990904
malignant neoplasm male genital organ unspecified,none,0.9999957390378399
malignant neoplasm malignant melanoma of ear and external auricular canal,none,0.99999764629021
malignant neoplasm malignant melanoma of eyelid including canthus,none,0.99999545583723
malignant neoplasm malignant melanoma of upper limb including shoulder,none,0.9999964094625198
malignant neoplasm meckel diverticulum,none,0.9999952174308898
malignant neoplasm mediastinum part unspecified,none,0.9999977206989682
malignant neoplasm middle third of oesophagus,esophageal cancer,0.9820052640028509
malignant neoplasm nasal cavity,none,0.9999815835759512
malignant neoplasm nasopharynx unspecified,none,0.999993354977386
malignant neoplasm of other and ill-defined sites abdomen,none,0.9999985399427233
malignant neoplasm of other and ill-defined sites other ill-defined sites,none,0.9999989871425625
malignant neoplasm overlapping lesion of brain and other parts of central nervous system,none,0.9999972142713466
malignant neoplasm overlapping lesion of female genital organs,none,0.9999953814285266
malignant neoplasm overlapping lesion of larynx,larynx cancer,0.9984793299273546
malignant neoplasm overlapping lesion of pancreas,pancreatic cancer,0.9999963646681491
malignant neoplasm overlapping lesion of skin,none,0.9999990615514915
malignant neoplasm overlapping lesion of tongue,oral cavity cancer,0.9241407729109669
malignant neoplasm pancreatic duct,pancreatic cancer,0.9999913581451898
malignant neoplasm parietal lobe,none,0.9999991063461252
malignant neoplasm pelvic bones sacrum and coccyx,none,0.9999984359196371
malignant neoplasm peripheral nerves and autonomic nervous system unspecified,none,0.9999980335146867
malignant neoplasm peripheral nerves of thorax,none,0.9999966478690021
malignant neoplasm peripheral nerves of upper limb including shoulder,none,0.9999943086009849
malignant neoplasm posterior wall of nasopharynx,none,0.9999734482958498
malignant neoplasm primary site unknown so stated,none,0.999999493571153
malignant neoplasm skin of ear and external auricular canal,none,0.9999985551231056
malignant neoplasm skin of lip,none,0.9984980690029167
malignant neoplasm skin of upper limb including shoulder,none,0.9999971990910413
malignant neoplasm soft palate,none,0.9770211266023722
malignant neoplasm spermatic cord,none,0.999999612774776
malignant neoplasm sphenoidal sinus,none,0.9999921629497381
malignant neoplasm sublingual gland,none,0.9999030328979278
malignant neoplasm tonsil unspecified,none,0.9991564373997203
malignant neoplasm upper gum,none,0.9820132056615211
malignant neoplasm upper lobe bronchus or lung,lung cancer,0.9933060763330918
malignant neoplasm upper respiratory tract part unspecified,none,0.9999976759044678
malignant neoplasm upper third of oesophagus,esophageal cancer,0.49999552162608646
malignant neoplasm urachus,none,0.9999991359604119
malignant neoplasm uvula,none,0.9975208784244985
malignent histiocytosis - from 2008 classification,none,0.916916506213465
malnutrition-related diabetes mellitus with ketoacidosis,none,0.9999980335146725
mandibulofacial dysostosis,none,0.9999964542570204
mania with psychotic symptoms,none,0.9999926989886987
mantle cell lymphoma,none,0.9999713619170145
mast cell leukaemia,none,0.9999988975533223
maternal care for intrauterine death,none,0.999999612774776
measles complicated by pneumonia,none,0.9999783499621913
meconium plug syndrome,none,0.9999987783497418
medullary cystic kidney,none,0.9999966030745213
meningitis unspecified,none,0.9999954406568946
meningococcaemia unspecified,none,0.9999900469171411
meningococcal infection unspecified,none,0.9999956494488337
menopausal and female climacteric states,none,0.9999949790248338
mental and behavioural disorders due to use of alcohol amnesic syndrome,none,0.999993354977656
mental and behavioural disorders due to use of alcohol unspecified mental and behavioural disorder,none,0.9999962158505701
mental and behavioural disorders due to use of cannabinoids dependence syndrome,none,0.9999966478690732
mental and behavioural disorders due to use of opioids dependence syndrome,none,0.9999969310701484
mental and behavioural disorders due to use of opioids harmful use,none,0.9999949046160806
mental and behavioural disorders due to use of tobacco unspecified mental and behavioural disorder,none,0.9999566859591699
mental and behavioural disorders due to use of volatile solvents dependence syndrome,none,0.9999958134466267
mesothelioma unspecified,none,0.9999994191622202
metaphyseal dysplasia,none,0.999998510328511
migraine with aura [classical migraine],none,0.9999998063873693
mild cognitive disorder,none,1.0
miliary tuberculosis unspecified,none,0.9999979887201154
mitochondrial myopathy not elsewhere classified,none,0.9999991807550347
mitral valve insufficiency,none,0.9999966774832445
mixed small and large cell difuse - 2008 version,none,0.9999969902986935
monoclonal gammopathy of undetermined significance mgus,none,0.9999897341038498
mononeuritis multiplex,none,0.9999998063873693
monoplegia of lower limb,none,0.999995604654554
motorcycle rider injured in collision with car pick-up truck or van passenger injured in traffic accident,none,0.999994547007137
motorcycle rider injured in collision with heavy transport vehicle or bus passenger injured in nontraffic accident,none,0.9999982271269173
motorcycle rider injured in collision with heavy transport vehicle or bus passenger injured in traffic accident,none,0.9999990615514915
motorcycle rider injured in collision with railway train or railway vehicle driver injured in nontraffic accident,none,0.9999990615514773
motorcycle rider injured in collision with two- or three-wheeled motor vehicle driver injured in nontraffic accident,none,0.9999959774442476
motorcycle rider injured in collision with two- or three-wheeled motor vehicle driver injured in traffic accident,none,0.9999948302075178
motorcycle rider injured in noncollision transport accident driver injured in traffic accident,none,0.9999835204155738
mucinosis of skin,none,0.999999493571153
mucocutaneous lymph node syndrome [kawasaki],none,0.9999986743266168
mucormycosis unspecified,none,0.9999998063873693
multifocal and multisystemic disseminated langerhans-cell histiocytosis [letterer-siwe disease],none,0.9999848619952147
multifocal and unisystemic langerhans-cell histiocytosis,none,0.999976219525187
multiple congenital malformations not elsewhere classified,none,0.9999855916413534
multiple myeloma,none,0.9999998063873693
muscular dystrophy,none,0.999999493571153
mycetoma unspecified,none,0.9999952022506433
mycobacterial infection unspecified,none,0.9999991807550489
myelodysplastic syndrome with isolated del5q chromosomal abnormality,none,0.9999905685208683
nasal polyp unspecified,none,0.9999990615514773
neonatal aspiration of meconium,none,1.0
neonatal aspiration syndrome unspecified,none,0.9999991359604119
neonatal candidiasis,none,0.999999225549702
neonatal cerebral leukomalacia,none,0.999987111653205
neonatal conjunctivitis and dacryocystitis,none,0.999964061114516
neoplasm of uncertain or unknown behaviour adrenal gland,none,0.9999976910847944
neoplasm of uncertain or unknown behaviour aortic body and other paraganglia,none,0.9999879908626541
neoplasm of uncertain or unknown behaviour appendix,none,0.9999944126238122
neoplasm of uncertain or unknown behaviour cerebral meninges,none,0.9999888548927403
neoplasm of uncertain or unknown behaviour connective and other soft tissue,none,0.9999914773474736
neoplasm of uncertain or unknown behaviour cranial nerves,none,0.9999944278039188
neoplasm of uncertain or unknown behaviour digestive organ unspecified,none,0.9999881844729119
neoplasm of uncertain or unknown behaviour endocrine gland unspecified,none,0.9999970798876919
neoplasm of uncertain or unknown behaviour female genital organ unspecified,none,0.9999869628372587
neoplasm of uncertain or unknown behaviour larynx,larynx cancer,0.9999212398409845
neoplasm of uncertain or unknown behaviour other male genital organs,none,0.9999770243170258
neoplasm of uncertain or unknown behaviour other respiratory organs,none,0.9999354240607655
neoplasm of uncertain or unknown behaviour ovary,none,0.999998107923488
neoplasm of uncertain or unknown behaviour parathyroid gland,none,0.9999945918013552
neoplasm of uncertain or unknown behaviour pituitary gland,none,0.9999979143112377
neoplasm of uncertain or unknown behaviour pleura,none,0.9999973630888469
neoplasm of uncertain or unknown behaviour prostate,prostate cancer,0.9968204271579264
neoplasm of uncertain or unknown behaviour thymus,none,0.9999977951078457
neoplasm of uncertain or unknown behaviour thyroid gland,none,0.9999839827889856
neoplasm of uncertain or unknown behaviour uterus,none,0.9999965286657183
neurogenic bowel not elsewhere classified,none,0.9999769347304068
neuromuscular scoliosis,none,0.9999826860034275
neuromyelitis optica [devic],none,0.9999839676090801
neuronal ceroid lipofuscinosis,none,0.9999907173373797
neurosyphilis unspecified,none,0.9998891619195515
nocardiosis unspecified,none,0.9999984207392423
nodular lymphocyte predominant hodgkin lymphoma,none,0.9999829395879345
nodular sclerosis classical hodgkin lymphoma,none,0.9999991807550489
noninfective neonatal diarrhoea,none,0.9999921477695095
noninflammatory disorder of vagina unspecified,none,0.9999975567010188
nonrheumatic mitral valve stenosis,none,0.9999990615514915
nonrheumatic tricuspid valve stenosis,none,0.999995127842044
nonspecific urethritis,none,0.9999998063873693
nontoxic goitre unspecified,none,0.9999222526187228
nquest adjourned,none,0.9999968710954116
nutritional anaemia unspecified,none,0.9999989423479485
nutritional deficiency unspecified,none,0.9999995679801056
obstruction of bile duct,none,0.9999966774833866
occipital encephalocele,none,0.9999874692602287
occupant [any] of heavy transport vehicle injured in other specified transport accidents,none,0.99999488943591
occupant of heavy transport vehicle injured in collision with car pick-up truck or van driver injured in traffic accident,none,0.9999792443434151
occupant of heavy transport vehicle injured in noncollision transport accident person on outside of vehicle injured in nontraffic accident,none,0.9999993743675585
occupant of pick-up truck or van injured in collision with fixed or stationary object passenger injured in traffic accident,none,0.9999944429843526
occupant of pick-up truck or van injured in collision with fixed or stationary object unspecified occupant of pick-up truck or van injured in traffic accident,none,0.9999877676386533
occupant of pick-up truck or van injured in noncollision transport accident driver injured in traffic accident,none,0.9999977503132992
occupant of pick-up truck or van injured in noncollision transport accident person on outside of vehicle injured in traffic accident,none,0.9999991063461252
occupant of pick-up truck or van injured in noncollision transport accident unspecified occupant of pick-up truck or van injured in nontraffic accident,none,0.9999929525748923
occupant of pick-up truck or van injured in noncollision transport accident unspecified occupant of pick-up truck or van injured in traffic accident,none,0.9999870668595208
occupant of railway train or railway vehicle injured by fall from railway train or railway vehicle,none,0.9999886020540735
occupant of streetcar injured by fall from streetcar,none,0.9999968263007644
occupant of streetcar injured in other specified transport accidents,none,0.9999981823323232
occupant of three-wheeled motor vehicle injured in collision with car pick-up truck or van driver injured in traffic accident,none,0.9999233109375658
occupant of three-wheeled motor vehicle injured in collision with car pick-up truck or van person injured while boarding or alighting,none,0.9999490724650112
occupant of three-wheeled motor vehicle injured in collision with fixed or stationary object driver injured in traffic accident,none,0.9999920437469463
occupant of three-wheeled motor vehicle injured in collision with heavy transport vehicle or bus person on outside of vehicle injured in traffic accident,none,0.9999962158506553
occupant of three-wheeled motor vehicle injured in noncollision transport accident passenger injured in nontraffic accident,none,0.9999830436087975
oedema of larynx,none,0.9999035392722972
oesophageal obstruction,none,0.9999985399427801
oesophageal web,none,0.9999919093640433
orchitis epididymitis and epididymo-orchitis without abscess,none,0.9999826715703519
osteolysis,none,0.9999995679801056
osteomyelitis unspecified,none,0.9999956046545397
osteomyelofibrosis,none,0.9999976759043967
osteonecrosis unspecified,none,0.9999830587890869
other acute osteomyelitis,none,0.9999978695166292
other acute rheumatic heart disease,none,0.9999973182942914
other alzheimer disease,none,1.0
other amnesia,none,1.0
other amyloidosis,none,0.9999985847373903
other and unspecified adrenocortical insufficiency,none,0.9999980631288848
other and unspecified agents primarily acting on muscles,none,0.9999901213249928
other and unspecified cirrhosis of liver,none,0.9999983759447105
other and unspecified convulsions,none,0.9999998063873693
other and unspecified gastroenteritis and colitis of infectious origin,none,0.999999493571153
other and unspecified hydronephrosis,none,0.9999928181916112
other and unspecified intestinal obstruction,none,0.9999954854514229
other and unspecified water transport accidents unspecified watercraft,none,0.9999972438855063
other antidysrhythmic drugs not elsewhere classified,none,0.9999612451267437
other atypical virus infections of central nervous system,none,0.9999935334086602
other autoimmune haemolytic anaemias,none,0.9999972734998374
other benign neoplasm cervix uteri,none,0.9999998063873693
other bursitis not elsewhere classified,none,0.999999448776502
other cardiovascular disorders originating in the perinatal period,none,0.9999962006702373
other cervical disc disorders,none,0.9999943678294599
other childhood disintegrative disorder,none,0.9999964686909203
other complications associated with artificial fertilization,none,0.9999978247221788
other congenital ichthyosis,none,0.999999612774776
other congenital malformation syndromes with other skeletal changes,none,0.9999982719215562
other congenital malformations of bile ducts,none,0.9999899573285881
other congenital malformations of bony thorax,none,0.9999774859412955
other congenital malformations of diaphragm,none,0.9999962750789733
other congenital malformations of great veins,none,0.9999869476569527
other congenital malformations of hair,none,0.99999503825305
other congenital malformations of lung,none,0.9999859940412829
other congenital malformations of oesophagus,none,0.9999914325530822
other congenital malformations of ribs,none,0.9999952022506433
other congenital malformations of upper limbs including shoulder girdle,none,0.999989972508215
other deletions of part of a chromosome,none,0.9999967070975446
other depressive episodes,none,0.9999996871837232
other dermatomyositis,none,0.9999968710952837
other diseases of salivary glands,none,1.0
other disorders of globe,none,0.999997779927489
other disorders of intestinal carbohydrate absorption,none,0.9999890485030374
other disorders of lung,pulmonary disease,0.9399125692403508
other emphysema,pulmonary disease,0.9999987039408765
other encephalitis myelitis and encephalomyelitis,none,0.9999992999586204
other forms of acute ischaemic heart disease,ischaemic heart disease,0.9999945022127076
other forms of acute pericarditis,none,1.0
other forms of chronic ischaemic heart disease,ischaemic heart disease,0.9999954110427031
other forms of leptospirosis,none,0.9999898381259028
other forms of scoliosis,none,0.9999998063873693
other fusion of spine,none,0.9999998063873693
other gonococcal infections,none,0.9999995679801056
other granulomatous disorders of skin and subcutaneous tissue,none,0.9999946958241408
other hereditary and idiopathic neuropathies,none,0.9999974374977262
other hereditary ataxias,none,1.0
other histiocytosis syndromes,none,0.9999994191622202
other hydrocephalus,none,1.0
other hyperparathyroidism,none,0.9999993295729128
other hypoglycaemia,none,0.9995105933120516
other immediate postpartum haemorrhage,none,0.9999861876508557
other infective tenosynovitis,none,0.9999951278420582
other interstitial pulmonary diseases with fibrosis,none,0.9890126786363933
other intestinal escherichia coli infections,none,0.999982015588616
other intestinal malabsorption,none,0.9999760107360828
other iron deficiency anaemias,none,0.9999984207393133
other juvenile arthritis,none,0.9999980183344259
other lipid storage disorders,none,0.9999843100334488
other mature t/nk-cell lymphomas,none,0.9999927437831042
other megaloblastic anaemias not elsewhere classified,none,0.9999904493183519
other meningococcal infections,none,0.999999493571153
other mitral valve diseases,none,0.9999992999586204
other mycobacterial infections,none,0.9999993743675443
other myositis,none,1.0
other neuromuscular dysfunction of bladder,none,0.9999985847373903
other non-follicular lymphoma,none,0.9999995679801056
other nonrheumatic tricuspid valve disorders,none,0.9999904493185793
other obesity,none,1.0
other orthopoxvirus infections,none,0.999989808511593
other osteoporosis,none,1.0
other pervasive developmental disorders,none,0.999999448776502
other placental disorders,none,0.9999991063461252
other pneumonia organism unspecified,none,0.9241304998629185
other pulmonary aspergillosis,none,0.9999709747029083
other rupture of muscle nontraumatic,none,0.9999986591462894
other secondary parkinsonism,none,0.9999988975533081
other secondary scoliosis,none,0.9999984951481292
other secondary syphilis,none,0.9999998063873693
other seropositive rheumatoid arthritis,none,0.9999992999586204
other severe and complicated plasmodium falciparum malaria,none,0.9999957686520411
other shock,none,0.9999998063873693
other somatoform disorders,none,0.9999969158897623
other specified abdominal hernia with gangrene,none,0.999999493571153
other specified abdominal hernia with obstruction without gangrene,none,0.9999946510296195
other specified coagulation defects,none,0.9999992103693378
other specified conditions associated with female genital organs and menstrual cycle,none,0.9999946214156077
other specified conduction disorders,none,0.999996587894339
other specified congenital infectious and parasitic diseases,none,0.999995247045303
other specified congenital malformations of face and neck,none,0.9999866196649838
other specified congenital malformations of intestine,none,0.9999900765312306
other specified congenital malformations of kidney,none,0.9999923413804443
other specified congenital malformations of limbs,none,0.9999959918780695
other specified congenital malformations of spinal cord,none,0.9999934142060602
other specified degenerative diseases of basal ganglia,none,0.9999943382152291
other specified diabetes mellitus with peripheral circulatory complications,none,0.9999989423479485
other specified diabetes mellitus with renal complications,none,0.999998137537802
other specified diabetes mellitus with unspecified complications,none,0.9999921477694527
other specified diseases of liver,none,1.0
other specified diseases of oesophagus,none,0.9994400614611566
other specified diseases of pancreas,none,0.970686822309011
other specified diseases of pericardium,none,1.0
other specified diseases of pulmonary vessels,none,0.9997385047457741
other specified diseases of spinal cord,none,0.9999994191622202
other specified diseases of upper respiratory tract,none,0.9997383111837721
other specified disorders of central nervous system,none,0.9999993743675585
other specified disorders of kidney and ureter,none,0.9999989423479201
other specified disorders of muscle,none,0.9999998063873693
other specified disorders of peritoneum,none,0.9999998063873693
other specified disorders of prostate,none,0.9999640163217081
other specified disorders of thyroid,none,0.9999998063873693
other specified disorders of veins,none,0.9999998063873693
other specified disorders of white blood cells,none,0.999993771814741
other specified disturbances of cerebral status of newborn,none,0.9999990615514915
other specified epidermal thickening,none,0.99999484464138
other specified heart block,none,0.9999995679801056
other specified inflammation of vagina and vulva,none,0.9999992103693378
other specified inflammatory liver diseases,none,0.9999983015358325
other specified inflammatory spondylopathies,none,0.9999915517561848
other specified leukaemias,none,0.9241394716739211
other specified local infections of skin and subcutaneous tissue,none,0.9999985399427801
other specified mycoses,none,0.999999612774776
other specified neoplasms of uncertain or unknown behaviour of lymphoid haematopoietic and related tissue,none,0.9999960518529101
other specified noninfective gastroenteritis and colitis,none,0.9999906277492213
other specified nutritional deficiencies,none,0.9999995679801056
other specified osteochondrodysplasias,none,0.9999747891152305
other specified peripheral vascular diseases,none,0.9996532887906848
other specified pregnancy-related conditions,none,0.9999972287052716
other specified puerperal infections,none,0.9999998063873693
other specified spondylopathies,none,0.9999921925635066
other specified symptoms and signs involving the digestive system and abdomen,none,0.9999970798877061
other specified types of non-hodgkin lymphoma,none,0.9999996871837232
other specified viral diseases,none,0.9999988527586979
other specified zoonotic bacterial diseases not elsewhere classified,none,0.999995887855149
other spontaneous pneumothorax,none,0.8807969943837407
other streptococcal sepsis,none,0.9999987335551229
other systemic antibiotics,none,0.9999954406568378
other thrombophilia,none,0.9999998063873693
other tricuspid valve diseases,none,0.9999998063873693
other vascular disorders of intestine,none,0.9999987039408907
other vincent infections,none,1.0
other viral infections of unspecified site,none,0.999999493571153
otorhinolaryngological drugs and preparations,none,0.9999505916761436
paget disease of other bones,none,0.9999991359604119
pain in limb,none,0.9999960366726793
palmar fascial fibromatosis [dupuytren],none,0.9999924013549948
paraplegia unspecified,none,0.9999998063873693
parenteral anaesthetics,none,0.9999984207392991
passenger of special construction vehicle injured in nontraffic accident,none,0.9999992103693378
patau syndrome unspecified,none,0.9999886461024472
patent ductus arteriosus,none,0.999997750313285
pathological fracture not elsewhere classified,none,0.9999978247220509
pedal cyclist [any] injured in other specified transport accidents,none,0.9999993743675585
pedal cyclist [any] injured in unspecified traffic accident,none,0.9999920285667906
pedal cyclist injured in collision with car pick-up truck or van passenger injured in traffic accident,none,0.9999918501356997
pedal cyclist injured in collision with fixed or stationary object driver injured in nontraffic accident,none,0.9999955750402438
pedal cyclist injured in collision with other pedal cycle driver injured in traffic accident,none,0.999994070195103
pedal cyclist injured in collision with pedestrian or animal driver injured in traffic accident,none,0.9999903749100779
pedal cyclist injured in collision with two- or three-wheeled motor vehicle passenger injured in traffic accident,none,0.9999963054395843
pedal cyclist injured in noncollision transport accident passenger injured in nontraffic accident,none,0.9999957686520553
pedestrian injured in collision with car pick-up truck or van nontraffic accident,none,0.9999974822922586
pedestrian injured in collision with car pick-up truck or van unspecified whether traffic or nontraffic accident,none,0.9999927589632992
pedestrian injured in collision with heavy transport vehicle or bus traffic accident,none,0.9999982719215846
pedestrian injured in collision with railway train or railway vehicle traffic accident,none,0.9999979591058342
pedestrian injured in collision with two- or three-wheeled motor vehicle traffic accident,none,0.9999876628699024
pedestrian injured in traffic accident involving other and unspecified motor vehicles,none,0.9999856812286058
pemphigus vulgaris,none,0.9999861876510262
peptic ulcer site unspecified chronic without haemorrhage or perforation,none,0.9999896149012624
peptic ulcer site unspecified unspecified as acute or chronic without haemorrhage or perforation,none,0.9999958582409443
peritonitis unspecified,none,0.9999994191622202
persistant atrial fibrillation from 2014 onwards,none,0.9999900917110156
person injured in collision between car and bus traffic,none,0.9999966030744645
person injured in collision between car and heavy transport vehicle traffic,none,0.9999926397607631
person injured in collision between other specified motor vehicles traffic,none,0.9999939061978517
person injured in unspecified vehicle accident,none,0.9999940998091837
person injured while boarding or alighting from special industrial vehicle,none,0.9995371525513953
person on outside of special agricultural vehicle injured in nontraffic accident,none,0.9999979887201011
personality disorder unspecified,none,0.9999996871837232
phakomatosis unspecified,none,0.9999963942822978
pharyngeal pouch,none,0.9999992551639639
phlebitis and thrombophlebitis of femoral vein,none,0.9999965734603238
phlebitis and thrombophlebitis of lower extremities unspecified,none,0.9999961414419096
phlebitis and thrombophlebitis of unspecified site,none,0.9999962158505417
plasmodium falciparum malaria unspecified,none,0.9999910453311474
pneumonia due to escherichia coli,none,0.999996364668007
pneumonia due to other streptococci,none,0.9999595315491496
polyarteritis nodosa,none,0.999997750313285
polyarthrosis unspecified,none,0.9999197199305105
polymyalgia rheumatica,none,0.9999956494489616
portal hypertension,none,0.9999911941477012
portal vein-hepatic artery fistula,none,0.9999991807550489
postprocedural renal failure,none,0.9999897637176033
pre-eclampsia unspecified,none,0.9999991359604119
pre-existing hypertensive heart and renal disease complicating pregnancy childbirth and the puerperium,none,0.9999919693385395
predominantly obsessional thoughts or ruminations,none,0.9999989423479343
premature separation of placenta unspecified,none,0.999999493571153
prepatellar bursitis,none,0.9999972287053285
primary atelectasis of newborn,none,0.9999987487354941
primary cutaneous cd30-positive t-cell proliferations,none,0.999991432553537
psoriasis unspecified,none,0.9999934590000714
psychostimulants with abuse potential,none,0.9999829244071496
pulmonary actinomycosis,none,0.9999848764297288
pulmonary embolism without mention of acute cor pulmonale,none,0.9988110077250485
pulmonary heart disease unspecified,none,0.9046487468867487
pulmonary nocardiosis,none,0.9999916861385709
pulmonary toxoplasmosis,none,0.999996915889748
pulmonary valve insufficiency,none,0.9999983463303894
pure hyperglyceridaemia,none,0.999990434138732
purulent endophthalmitis,none,0.9999969158899328
pustulosis palmaris et plantaris,none,0.9999971542964221
pyridoxine deficiency,none,0.9999960366726083
qualitative platelet defects,none,0.9999931461860682
rabies unspecified,none,0.999999612774776
rapidly progressive nephritic syndrome unspecified,none,0.9999863964411327
re-entry ventricular arrhythmia,none,0.9990833398960034
rectal abscess,none,0.9999773219465082
rectal fistula,none,0.9999951574562983
rectal polyp,none,0.996822235635373
recurrent depressive disorder current episode severe without psychotic symptoms,none,0.9999982719215562
refractory anaemia with excess of blasts,none,0.9999947406187067
renal agenesis unilateral,none,0.999725604594118
renal hypoplasia unspecified,none,0.9996609895538108
renal osteodystrophy,none,0.9995671299975796
renal tubulo-interstitial disease unspecified,none,0.9999242789270703
respiratory arrest,none,0.9890106008502669
respiratory failure of newborn,none,0.9999977503132992
respiratory tuberculosis unspecified without mention of bacteriological or histological confirmation,none,0.9999890932971088
retropharyngeal and parapharyngeal abscess,none,0.9999941597840245
rheumatic aortic valve disease unspecified,none,0.9999922669722995
rheumatoid lung disease,none,0.8807953673033643
rheumatoid nodule,none,0.9999984951481292
rheumatoid vasculitis,none,0.999994799847051
rhinocerebral mucormycosis,none,0.9999906429293557
rider or occupant injured in collision with fixed or stationary object,none,0.9999986295319884
rider or occupant injured in other and unspecified transport accidents,none,0.999995127842044
rotaviral enteritis,none,0.9999988231444054
salicylates,none,0.9999989423479485
salmonella sepsis,none,0.9999996871837232
sarcoidosis of other and combined sites,none,0.9999995679801056
schistosomiasis due to schistosoma haematobium [urinary schistosomiasis],none,0.9999871716274845
secondary and unspecified malignant neoplasm lymph node unspecified,none,0.9999977654935702
secondary and unspecified malignant neoplasm lymph nodes of head face and neck,none,0.9999978102881741
secondary malignant neoplasm of bone and bone marrow,none,0.9999998063873693
secondary malignant neoplasm of brain and cerebral meninges,none,0.9999991063461252
secondary malignant neoplasm of other and unspecified digestive organs,none,0.9999769051167491
secondary malignant neoplasm of other specified sites,none,0.9999988975533223
secondary thrombocytopenia,none,0.9999985399427801
sepsis due to staphylococcus aureus,none,0.9999940998093401
sepsis due to streptococcus group a,none,0.999996007058328
sepsis due to unspecified staphylococcus,none,0.9999896596955012
sepsis of newborn due to escherichia coli,none,0.9999936229975052
sepsis unspecified,none,0.9999954406568946
sequelae of intracerebral haemorrhage,cerebrovascular disease,0.9996145169878121
sequelae of other and unspecified cerebrovascular diseases,cerebrovascular disease,0.6790765978489662
sequelae of other and unspecified transport accidents,none,0.9999108996033517
sequelae of other specified infectious and parasitic diseases,none,0.9999757875151541
sequelae of respiratory and unspecified tuberculosis,none,0.9999211054674116
sequestration of lung,none,0.9819999340303786
seronegative rheumatoid arthritis,none,0.999999493571153
severe combined immunodeficiency [scid] with low t- and b-cell numbers,none,0.9999904941127276
severe depressive episode without psychotic symptoms,none,0.9999992551639781
shock unspecified,none,0.9999995679801056
sicca syndrome [sjgren],none,0.9998721699492705
sinus fistula and cyst of branchial cleft,none,0.9999998063873693
slow fetal growth unspecified,none,0.9999953662481356
small cell b-cell lymphoma,none,0.9999717195172123
small for gestational age,none,0.9999991359603977
soft tissue disorder unspecified,none,0.999999493571153
solitary plasmacytoma,none,0.9999975119064688
spastic paraplegia,none,0.9999981079234596
specific isolated phobias,none,0.9999993743675585
spina bifida unspecified,none,0.9999987335551229
spinal muscular atrophy unspecified,none,0.9999989423479343
spinal stenosis,none,0.9999992551639781
spontaneous abortion complete or unspecified with other and unspecified complications,none,0.9999976311098983
spontaneous rupture of unspecified tendon,none,0.9999975119064546
stage i decubitus ulcer and pressure area from 2014 onwards,none,0.9999869476568959
stenosis of aorta,none,0.9959255303514882
stenosis of larynx,none,0.9999962006701947
streptococcal infection unspecified site,none,0.9999939806062321
striatonigral degeneration,none,0.9999988975533081
subarachnoid haemorrhage from anterior communicating artery,cerebrovascular disease,0.9999091564999969
subarachnoid haemorrhage from middle cerebral artery,cerebrovascular disease,0.9999867540475312
subcortical vascular dementia,cerebrovascular disease,0.9399041832471682
subcutaneous phaeomycotic abscess and cyst,none,0.9999910453315026
subsequent myocardial infarction of unspecified site,ischaemic heart disease,0.9999965286657609
suppurative otitis media unspecified,none,0.9999988975533081
surgical operation with transplant of whole organ,none,0.9999972734998658
surgical procedure unspecified,none,0.9999911941479854
syringomyelia and syringobulbia,none,1.0
systemic inflammatory response syndrome unspecified,none,0.9999987039408765
systemic involvement of connective tissue unspecified,none,0.9999995679801056
systemic lupus erythematosus with organ or system involvement,none,0.999984131604602
thalassaemia unspecified,none,0.9999989423479485
thiamine deficiency unspecified,none,0.9999970350931633
thoracic spina bifida without hydrocephalus,none,0.9999981823323942
thyrotoxicosis unspecified,none,0.9999864260547447
toxic liver disease with cholestasis,none,0.9999977951077746
toxic liver disease with other disorders of liver,none,0.9999959174694257
toxic shock syndrome,none,0.9999998063873693
transient cerebral ischaemic attack unspecified,cerebrovascular disease,0.9995310985145217
trichilemmal cyst,none,0.9999996871837232
trigeminal neuralgia,none,0.9999990167568458
triploidy and polyploidy,none,0.9999988527586979
tubal pregnancy,none,0.9999847124331469
tuberculosis complicating pregnancy childbirth and the puerperium,none,0.9999975567010188
tuberculosis of intestines peritoneum and mesenteric glands,none,0.9999940701950746
tuberculosis of larynx trachea and bronchus without mention of bacteriological or histological confirmation,none,0.9999491620508535
tuberculosis of other specified organs,none,0.9999869476571659
tuberous sclerosis,none,0.9999918645697888
typhoid fever,none,0.999999493571153
ulcer of anus and rectum,none,0.9999918197752665
ulceration of vulva,none,0.9999998063873693
ulcerative chronic pancolitis,none,0.999946226160783
ultralight microlight or powered-glider accident injuring occupant,none,0.999998510328511
umbilical hernia without obstruction or gangrene,none,0.9999969606843424
unilateral or unspecified femoral hernia with gangrene,none,0.9999994191622202
unilateral or unspecified femoral hernia with obstruction without gangrene,none,0.9999974078834755
unilateral or unspecified femoral hernia without obstruction or gangrene,none,0.999999493571153
unilateral or unspecified inguinal hernia without obstruction or gangrene,none,0.9999978399023799
unspecified abdominal hernia with gangrene,none,0.9999988975533223
unspecified brain damage due to birth injury,none,0.9999979439255177
unspecified car occupant injured in collision with other and unspecified motor vehicles in traffic accident,none,0.9999916565247605
unspecified cleft palate with unilateral cleft lip,none,0.999996722277757
unspecified diabetes mellitus with ketoacidosis,none,0.9999939806064453
unspecified diabetes mellitus with unspecified complications,none,0.9999987039408765
unspecified haemorrhoids with other complications until 2013 - then moved to k64,none,0.9999993295729128
unspecified motorcycle rider injured in collision with other and unspecified motor vehicles in traffic accident,none,0.9999964542570204
unspecified nephritic syndrome diffuse endocapillary proliferative glomerulonephritis,none,0.999994517392915
unspecified nephritic syndrome other,none,0.9999964390767978
unspecified pre-existing hypertension complicating pregnancy childbirth and the puerperium,none,0.9999974822922586
unspecified respiratory condition due to chemicals gases fumes and vapours,none,0.9889643733287627
unspecified viral hepatitis without hepatic coma,none,0.9996542831989269
unspecified visual impairment binocular,none,0.9999975119065825
urethral abscess,none,0.9999798699629074
urethral disorder unspecified,none,0.9999805851710223
urinary calculus unspecified,none,0.999995485451295
urinary catheterization,none,0.9999931013916589
urticaria unspecified,none,0.9999782307609466
vaccine or biological substance unspecified,none,0.999992073361095
vaginal delivery following previous caesarean section,none,0.999954331606259
varicella meningitis,none,0.9999946510299037
varicose veins of other specified sites,none,0.9999979439255319
vascular disorder of intestine unspecified,none,0.9999842804206669
vasculitis limited to skin unspecified,none,0.9999962006702515
ventral hernia with gangrene from 2014 onwards,none,0.9999776051424656
ventral hernia with obstruction without gangrene from 2014 onwards,none,0.9998587465381196
ventral hernia without obstruction or gangrene from 2014 onwards,none,0.9999410558994645
ventral hernia without obstruction or gangrene until 2013,none,0.9999974822922302
ventricular premature depolarization,none,0.9999641803140148
viral carditis,none,0.9999893165220308
vitamin b12 deficiency anaemia due to intrinsic factor deficiency,none,0.9999978399024225
vitamin d deficiency unspecified,none,0.9999982271269173
war operations involving other explosions and fragments,none,0.9999927885776537
war operations occurring after cessation of hostilities,none,0.9999933101832373
water-transport-related drowning and submersion without accident to watercraft canoe or kayak,none,0.9999823435798281
water-transport-related drowning and submersion without accident to watercraft sailboat,none,0.9999988975533223
waterhouse-friderichsen syndrome,none,1.0
whooping cough due to bordetella pertussis,none,0.9999937869947526
whooping cough unspecified,none,0.999999493571153
wrist or foot drop acquired,none,1.0
yellow nail syndrome,none,1.0
zoster encephalitis,none,0.9999982271269742
